date,precip_cumulative,swe,tmean
1-Oct-99,0,0.36,45
2-Oct-99,0,0.36,43
3-Oct-99,0,0.36,45
4-Oct-99,0,0.36,41
5-Oct-99,0,0.36,42
6-Oct-99,0,0.24,36
7-Oct-99,0.13,0.24,47
8-Oct-99,0.13,0.36,48
9-Oct-99,0.13,0.36,47
10-Oct-99,0.13,0.36,45
11-Oct-99,0.13,0.36,44
12-Oct-99,0.13,0.36,44
13-Oct-99,0.13,0.36,45
14-Oct-99,0.13,0.36,44
15-Oct-99,0.13,0.24,44
16-Oct-99,0.13,0.24,46
17-Oct-99,0.13,0.24,41
18-Oct-99,0.13,0.24,41
19-Oct-99,0.13,0.24,42
20-Oct-99,0.13,0.24,43
21-Oct-99,0.13,0.24,38
22-Oct-99,0.13,0.24,40
23-Oct-99,0.13,0.24,38
24-Oct-99,0.13,0.24,38
25-Oct-99,0.13,0.24,40
26-Oct-99,0.13,0.24,38
27-Oct-99,0.13,0.12,41
28-Oct-99,0.53,0.36,38
29-Oct-99,0.66,0.6,39
30-Oct-99,0.66,0.6,41
31-Oct-99,0.66,0.6,40
1-Nov-99,0.66,0.6,40
2-Nov-99,0.66,0.48,38
3-Nov-99,0.66,0.36,38
4-Nov-99,0.66,0.36,38
5-Nov-99,0.66,0.36,37
6-Nov-99,0.66,0.36,-9999
7-Nov-99,0.66,-9999,-9999
8-Nov-99,1.06,-9999,27
9-Nov-99,1.06,0.96,28
10-Nov-99,1.06,1.08,31
11-Nov-99,1.06,1.08,37
12-Nov-99,1.06,1.2,-9999
13-Nov-99,1.06,1.32,36
14-Nov-99,1.06,1.56,38
15-Nov-99,1.33,0.96,37
16-Nov-99,1.33,0.96,36
17-Nov-99,1.33,1.08,23
18-Nov-99,1.33,1.08,29
19-Nov-99,2,1.08,31
20-Nov-99,2,1.56,28
21-Nov-99,2,1.68,19
22-Nov-99,2,1.56,18
23-Nov-99,2,1.56,16
24-Nov-99,2.14,1.68,23
25-Nov-99,2.14,1.8,31
26-Nov-99,2.14,1.92,31
27-Nov-99,2.14,1.92,30
28-Nov-99,2.14,2.16,31
29-Nov-99,2.14,2.16,43
30-Nov-99,2.14,2.04,36
1-Dec-99,2.14,1.92,23
2-Dec-99,2.14,1.68,23
3-Dec-99,2.14,2.28,33
4-Dec-99,2.14,2.76,31
5-Dec-99,2.14,2.64,28
6-Dec-99,2.14,2.76,28
7-Dec-99,2.14,2.4,18
8-Dec-99,2.14,2.64,26
9-Dec-99,2.14,2.52,23
10-Dec-99,2.14,2.64,18
11-Dec-99,2.14,2.64,32
12-Dec-99,2.14,2.76,29
13-Dec-99,2.14,2.64,25
14-Dec-99,2.14,3,23
15-Dec-99,2.14,2.88,-9999
16-Dec-99,2.14,2.76,30
17-Dec-99,2.14,2.52,32
18-Dec-99,2.14,2.64,29
19-Dec-99,2.14,2.52,40
20-Dec-99,2.14,2.52,37
21-Dec-99,2.14,2.64,30
22-Dec-99,2.14,2.64,-9999
23-Dec-99,2.14,2.16,-9999
24-Dec-99,2.14,2.28,31
25-Dec-99,2.14,1.92,32
26-Dec-99,2.14,2.16,28
27-Dec-99,2.14,2.16,29
28-Dec-99,2.14,2.04,-9999
29-Dec-99,2.14,2.16,24
30-Dec-99,2.14,2.16,24
31-Dec-99,2.14,1.56,25
1-Jan-00,2.14,1.92,19
2-Jan-00,2.14,1.56,13
3-Jan-00,2.14,1.92,24
4-Jan-00,2.14,1.44,-9999
5-Jan-00,2.14,1.92,21
6-Jan-00,2.14,1.92,26
7-Jan-00,2.14,1.44,26
8-Jan-00,2.14,1.68,25
9-Jan-00,2.14,1.2,26
10-Jan-00,2.14,1.32,27
11-Jan-00,2.68,1.44,27
12-Jan-00,2.68,1.32,26
13-Jan-00,2.68,1.56,25
14-Jan-00,2.68,1.8,26
15-Jan-00,3.21,1.68,31
16-Jan-00,4.01,1.92,30
17-Jan-00,4.81,2.52,32
18-Jan-00,6.41,3.12,-9999
19-Jan-00,6.41,3.96,29
20-Jan-00,6.54,4.32,32
21-Jan-00,6.54,4.56,-9999
22-Jan-00,6.54,4.56,20
23-Jan-00,7.47,4.68,29
24-Jan-00,8.8,5.4,32
25-Jan-00,10.4,6.6,30
26-Jan-00,10.4,6.96,-9999
27-Jan-00,10.4,7.08,20
28-Jan-00,10.4,7.32,16
29-Jan-00,10.4,7.44,20
30-Jan-00,11.07,7.56,22
31-Jan-00,11.2,8.28,25
1-Feb-00,11.6,8.52,30
2-Feb-00,11.6,8.76,30
3-Feb-00,11.6,8.76,30
4-Feb-00,11.6,8.88,33
5-Feb-00,11.6,9,30
6-Feb-00,11.6,9,27
7-Feb-00,11.6,9.12,29
8-Feb-00,11.6,9.24,33
9-Feb-00,11.6,9.36,31
10-Feb-00,12.13,9.6,27
11-Feb-00,12.4,10.2,20
12-Feb-00,12.53,10.68,23
13-Feb-00,14,11.28,30
14-Feb-00,14.13,13.44,26
15-Feb-00,15.6,14.16,22
16-Feb-00,15.73,14.52,23
17-Feb-00,15.73,14.64,16
18-Feb-00,15.73,14.76,20
19-Feb-00,15.73,15,27
20-Feb-00,16.4,15.12,32
21-Feb-00,16.67,15.36,22
22-Feb-00,16.93,15.36,19
23-Feb-00,17.47,15.72,16
24-Feb-00,17.47,16.08,15
25-Feb-00,17.6,16.32,25
26-Feb-00,17.87,16.56,33
27-Feb-00,19.2,16.92,25
28-Feb-00,19.47,17.88,25
29-Feb-00,19.73,18,21
1-Mar-00,19.87,18.36,18
2-Mar-00,20,18.6,24
3-Mar-00,20.27,18.96,-9999
4-Mar-00,20.27,19.2,29
5-Mar-00,20.27,19.32,24
6-Mar-00,20.41,19.32,18
7-Mar-00,20.41,19.44,20
8-Mar-00,20.41,19.68,-9999
9-Mar-00,20.94,20.04,20
10-Mar-00,20.94,20.16,26
11-Mar-00,20.94,20.4,32
12-Mar-00,20.94,20.4,31
13-Mar-00,20.94,20.52,32
14-Mar-00,20.94,20.4,35
15-Mar-00,20.94,20.4,33
16-Mar-00,20.94,20.28,33
17-Mar-00,20.94,20.28,32
18-Mar-00,20.94,20.28,35
19-Mar-00,20.94,20.16,32
20-Mar-00,20.94,20.16,21
21-Mar-00,20.94,20.16,-9999
22-Mar-00,20.94,20.4,32
23-Mar-00,20.94,20.28,32
24-Mar-00,21.07,20.28,32
25-Mar-00,21.07,19.92,34
26-Mar-00,21.07,19.8,37
27-Mar-00,21.07,19.32,33
28-Mar-00,21.07,19.2,29
29-Mar-00,21.2,19.08,32
30-Mar-00,21.2,18.96,32
31-Mar-00,21.2,18.84,33
1-Apr-00,21.33,18.48,41
2-Apr-00,21.33,18.36,43
3-Apr-00,21.33,17.64,42
4-Apr-00,21.33,17.28,38
5-Apr-00,21.33,16.8,36
6-Apr-00,21.33,16.56,36
7-Apr-00,21.33,16.2,40
8-Apr-00,21.33,15.72,-9999
9-Apr-00,21.33,-9999,-9999
10-Apr-00,21.33,-9999,-9999
11-Apr-00,21.33,14.64,-9999
12-Apr-00,21.59,14.16,-9999
13-Apr-00,22.26,13.68,32
14-Apr-00,22.52,13.92,30
15-Apr-00,22.52,14.04,30
16-Apr-00,22.52,13.92,32
17-Apr-00,22.92,13.68,29
18-Apr-00,22.92,13.92,25
19-Apr-00,23.06,14.04,33
20-Apr-00,23.06,13.92,37
21-Apr-00,23.06,13.56,36
22-Apr-00,23.06,13.08,33
23-Apr-00,23.06,12.48,33
24-Apr-00,23.06,11.76,37
25-Apr-00,23.06,11.16,39
26-Apr-00,23.19,10.44,45
27-Apr-00,23.19,9.72,41
28-Apr-00,23.19,8.76,35
29-Apr-00,23.33,7.68,38
30-Apr-00,23.33,7.32,44
1-May-00,23.33,6.6,44
2-May-00,23.33,5.88,42
3-May-00,23.33,4.92,43
4-May-00,23.33,3.84,43
5-May-00,23.33,2.16,40
6-May-00,23.73,1.32,37
7-May-00,24,1.2,37
8-May-00,24.27,1.08,41
9-May-00,24.27,1.08,39
10-May-00,24.27,1.08,31
11-May-00,24.27,0.96,27
12-May-00,24.27,0.96,34
13-May-00,24.41,0.84,39
14-May-00,24.41,0.84,38
15-May-00,24.55,0.72,-9999
16-May-00,24.68,0.96,28
17-May-00,24.81,1.2,-9999
18-May-00,24.81,1.08,44
19-May-00,24.95,0.96,47
20-May-00,24.95,0.96,50
21-May-00,24.95,0.84,52
22-May-00,24.95,0.72,53
23-May-00,24.95,0.72,54
24-May-00,24.95,0.72,50
25-May-00,24.95,0.6,44
26-May-00,24.95,0.6,-9999
27-May-00,24.95,0.6,52
28-May-00,24.95,0.6,51
29-May-00,24.95,0.6,47
30-May-00,24.95,0.48,45
31-May-00,24.95,0.48,47
1-Jun-00,24.95,0.48,49
2-Jun-00,24.95,0.48,49
3-Jun-00,24.95,0.48,52
4-Jun-00,24.95,0.48,52
5-Jun-00,24.95,0.48,49
6-Jun-00,24.95,0.36,51
7-Jun-00,24.95,0.48,47
8-Jun-00,25.08,0.48,34
9-Jun-00,25.22,0.72,40
10-Jun-00,25.22,0.72,43
11-Jun-00,25.35,0.6,49
12-Jun-00,25.35,0.6,53
13-Jun-00,25.35,0.6,59
14-Jun-00,25.48,0.6,62
15-Jun-00,25.48,0.6,61
16-Jun-00,25.48,0.6,59
17-Jun-00,25.48,0.48,58
18-Jun-00,25.48,0.48,52
19-Jun-00,25.48,0.48,53
20-Jun-00,25.48,0.48,56
21-Jun-00,25.48,0.48,54
22-Jun-00,25.48,0.48,50
23-Jun-00,25.48,0.48,53
24-Jun-00,25.61,0.24,53
25-Jun-00,25.61,0.6,50
26-Jun-00,25.61,0.48,51
27-Jun-00,25.61,0.6,54
28-Jun-00,25.61,0.48,53
29-Jun-00,26.55,0.48,51
30-Jun-00,26.55,0.84,51
1-Jul-00,26.55,0.72,49
2-Jul-00,26.55,0.6,47
3-Jul-00,26.55,0.48,44
4-Jul-00,26.55,0.48,45
5-Jul-00,26.55,0.48,43
6-Jul-00,26.55,0.36,46
7-Jul-00,26.55,0.36,47
8-Jul-00,26.55,0.36,47
9-Jul-00,26.69,0.36,51
10-Jul-00,26.69,0.36,52
11-Jul-00,26.69,0.36,55
12-Jul-00,26.69,0.24,56
13-Jul-00,26.69,0.24,54
14-Jul-00,26.69,0.12,-9999
15-Jul-00,26.69,0.24,56
16-Jul-00,26.69,0.24,53
17-Jul-00,26.69,0.24,51
18-Jul-00,26.69,0.12,51
19-Jul-00,26.69,0.24,53
20-Jul-00,26.69,0,57
21-Jul-00,26.69,0.12,58
22-Jul-00,26.69,0.12,56
23-Jul-00,26.69,0.12,56
24-Jul-00,26.69,0.12,57
25-Jul-00,26.69,0.12,-9999
26-Jul-00,26.82,0.12,3
27-Jul-00,26.82,0.12,31
28-Jul-00,26.82,0,55
29-Jul-00,26.82,0,57
30-Jul-00,26.82,0,62
31-Jul-00,26.82,0,59
1-Aug-00,26.82,0,58
2-Aug-00,26.82,0,54
3-Aug-00,26.82,0,-9999
4-Aug-00,26.82,0,52
5-Aug-00,26.82,0,54
6-Aug-00,26.82,0,55
7-Aug-00,26.82,0,53
8-Aug-00,26.82,0,52
9-Aug-00,26.82,0,51
10-Aug-00,26.82,0,48
11-Aug-00,26.82,0,51
12-Aug-00,26.82,0,52
13-Aug-00,26.82,0,51
14-Aug-00,26.82,0,53
15-Aug-00,26.82,0,55
16-Aug-00,26.82,0,56
17-Aug-00,26.82,0,-9999
18-Aug-00,26.82,0,48
19-Aug-00,26.82,0,46
20-Aug-00,26.82,0,48
21-Aug-00,26.82,0,49
22-Aug-00,26.82,0,50
23-Aug-00,26.82,0,50
24-Aug-00,26.82,0,51
25-Aug-00,26.82,0,54
26-Aug-00,26.82,0,54
27-Aug-00,26.82,0,53
28-Aug-00,26.82,0,49
29-Aug-00,26.82,0,48
30-Aug-00,26.82,0,47
31-Aug-00,26.82,0,44
1-Sep-00,26.82,0,36
2-Sep-00,26.82,0,38
3-Sep-00,26.82,0,40
4-Sep-00,26.82,0,38
5-Sep-00,26.82,0,37
6-Sep-00,26.82,0,44
7-Sep-00,26.82,0,45
8-Sep-00,26.82,0,44
9-Sep-00,26.82,0,46
10-Sep-00,26.82,0,47
11-Sep-00,26.82,0,-9999
12-Sep-00,26.82,-9999,50
13-Sep-00,26.82,0,56
14-Sep-00,26.82,0,53
15-Sep-00,26.82,0,49
16-Sep-00,26.82,0,50
17-Sep-00,26.82,0,51
18-Sep-00,26.82,0,57
19-Sep-00,26.82,0,56
20-Sep-00,26.82,0,-9999
21-Sep-00,26.82,0,48
22-Sep-00,26.82,0,39
23-Sep-00,26.82,0,40
24-Sep-00,26.82,0,42
25-Sep-00,26.82,0,43
26-Sep-00,26.82,0,43
27-Sep-00,26.82,0,43
28-Sep-00,26.82,0,44
29-Sep-00,26.82,0,48
30-Sep-00,26.82,0,50
1-Oct-00,0.13,0,48
2-Oct-00,0.13,0,44
3-Oct-00,0.13,0,43
4-Oct-00,0.13,0,43
5-Oct-00,0.13,0,46
6-Oct-00,0.13,0,44
7-Oct-00,0.13,0,43
8-Oct-00,0.13,0,43
9-Oct-00,0.13,0,37
10-Oct-00,0.13,0,28
11-Oct-00,0.13,0,27
12-Oct-00,0.13,0,28
13-Oct-00,0.13,0,31
14-Oct-00,0.13,0,36
15-Oct-00,0.13,0,36
16-Oct-00,0.13,0,38
17-Oct-00,0.13,0,39
18-Oct-00,0.13,0,37
19-Oct-00,0.13,0,39
20-Oct-00,0.13,0,38
21-Oct-00,0.27,0,29
22-Oct-00,0.27,0,30
23-Oct-00,0.27,0,36
24-Oct-00,0.27,0,33
25-Oct-00,0.27,0,32
26-Oct-00,0.27,0,28
27-Oct-00,0.27,0,29
28-Oct-00,0.27,0,27
29-Oct-00,0.27,0,25
30-Oct-00,0.27,0,21
31-Oct-00,0.27,0,21
1-Nov-00,0.27,0,26
2-Nov-00,0.27,0,30
3-Nov-00,0.27,0,32
4-Nov-00,0.27,0,28
5-Nov-00,0.27,0,29
6-Nov-00,0.27,0,26
7-Nov-00,0.41,1.8,35
8-Nov-00,0.41,1.8,29
9-Nov-00,0.41,1.68,19
10-Nov-00,0.68,1.8,13
11-Nov-00,0.68,1.8,5
12-Nov-00,0.68,1.92,11
13-Nov-00,0.81,2.16,15
14-Nov-00,0.81,2.28,8
15-Nov-00,0.81,2.28,8
16-Nov-00,0.81,2.28,13
17-Nov-00,0.81,2.4,22
18-Nov-00,0.81,2.52,27
19-Nov-00,0.81,2.76,26
20-Nov-00,0.81,2.76,25
21-Nov-00,0.81,3,28
22-Nov-00,0.81,3.36,25
23-Nov-00,0.95,3.48,28
24-Nov-00,0.95,3.48,30
25-Nov-00,0.95,3.48,29
26-Nov-00,0.95,3.48,29
27-Nov-00,1.09,3.48,30
28-Nov-00,1.09,3.48,33
29-Nov-00,1.35,3.48,28
30-Nov-00,1.35,3.6,23
1-Dec-00,1.35,3.72,27
2-Dec-00,1.35,3.96,28
3-Dec-00,1.35,4.08,27
4-Dec-00,1.35,4.2,32
5-Dec-00,1.35,4.08,30
6-Dec-00,1.35,4.2,28
7-Dec-00,1.35,4.2,29
8-Dec-00,1.35,4.2,26
9-Dec-00,1.35,4.2,-9999
10-Dec-00,1.35,-9999,-9999
11-Dec-00,1.49,4.08,22
12-Dec-00,1.62,4.44,16
13-Dec-00,1.62,4.44,21
14-Dec-00,1.75,4.44,26
15-Dec-00,2.02,4.56,30
16-Dec-00,2.02,4.56,30
17-Dec-00,2.02,4.56,27
18-Dec-00,2.02,4.56,27
19-Dec-00,2.02,4.68,27
20-Dec-00,2.02,4.92,28
21-Dec-00,2.02,4.92,27
22-Dec-00,2.02,4.92,23
23-Dec-00,2.02,5.04,25
24-Dec-00,2.02,5.04,24
25-Dec-00,2.16,5.16,30
26-Dec-00,2.16,5.16,30
27-Dec-00,2.16,5.16,25
28-Dec-00,2.3,5.16,28
29-Dec-00,2.3,5.28,27
30-Dec-00,2.3,5.28,24
31-Dec-00,2.3,5.28,24
1-Jan-01,2.3,5.28,26
2-Jan-01,2.3,5.28,28
3-Jan-01,2.3,5.28,29
4-Jan-01,2.3,5.28,30
5-Jan-01,2.3,5.28,-9999
6-Jan-01,2.3,5.4,27
7-Jan-01,2.3,5.28,31
8-Jan-01,2.3,5.4,-9999
9-Jan-01,2.3,-9999,22
10-Jan-01,3.24,5.16,18
11-Jan-01,3.77,6.24,16
12-Jan-01,3.77,6.48,9
13-Jan-01,3.77,6.6,13
14-Jan-01,3.77,6.6,9
15-Jan-01,3.77,6.6,8
16-Jan-01,3.77,6.72,9
17-Jan-01,3.77,6.6,15
18-Jan-01,3.77,6.72,29
19-Jan-01,4.04,6.84,25
20-Jan-01,4.04,6.96,20
21-Jan-01,4.04,6.96,25
22-Jan-01,4.17,7.08,27
23-Jan-01,4.17,7.08,24
24-Jan-01,4.97,7.2,17
25-Jan-01,5.37,7.56,11
26-Jan-01,5.63,7.92,14
27-Jan-01,5.63,8.16,16
28-Jan-01,5.63,8.16,15
29-Jan-01,5.63,8.28,11
30-Jan-01,5.63,8.28,19
31-Jan-01,5.63,8.4,17
1-Feb-01,5.63,8.4,25
2-Feb-01,5.63,8.52,28
3-Feb-01,5.76,8.52,34
4-Feb-01,5.76,8.52,33
5-Feb-01,5.76,8.4,28
6-Feb-01,5.76,8.28,19
7-Feb-01,5.89,8.28,10
8-Feb-01,5.89,8.28,18
9-Feb-01,6.16,8.4,17
10-Feb-01,7.09,8.64,14
11-Feb-01,7.89,9.48,14
12-Feb-01,7.89,10.32,9
13-Feb-01,8.03,10.68,17
14-Feb-01,8.03,10.92,13
15-Feb-01,8.03,10.92,16
16-Feb-01,8.16,11.04,20
17-Feb-01,8.16,11.04,22
18-Feb-01,8.29,11.16,26
19-Feb-01,8.56,11.16,21
20-Feb-01,8.69,11.52,21
21-Feb-01,8.96,11.64,20
22-Feb-01,8.96,12,8
23-Feb-01,9.22,-9999,13
24-Feb-01,10.02,-9999,16
25-Feb-01,10.16,-9999,23
26-Feb-01,10.29,-9999,23
27-Feb-01,10.42,-9999,23
28-Feb-01,10.42,-9999,11
1-Mar-01,10.42,-9999,17
2-Mar-01,10.69,13.08,19
3-Mar-01,10.69,13.08,17
4-Mar-01,11.22,12.84,27
5-Mar-01,12.56,11.88,28
6-Mar-01,12.56,15,31
7-Mar-01,12.56,15.12,29
8-Mar-01,12.56,15.12,28
9-Mar-01,12.56,15.12,22
10-Mar-01,12.7,15.12,27
11-Mar-01,12.83,15.12,24
12-Mar-01,12.83,15.24,30
13-Mar-01,12.83,15.24,31
14-Mar-01,12.83,15.12,28
15-Mar-01,12.83,15,27
16-Mar-01,12.83,15,29
17-Mar-01,12.83,15,33
18-Mar-01,12.83,14.88,36
19-Mar-01,12.96,14.64,38
20-Mar-01,12.96,14.4,-9999
21-Mar-01,12.96,14.16,-9999
22-Mar-01,12.96,13.68,33
23-Mar-01,12.96,13.68,34
24-Mar-01,12.96,13.8,34
25-Mar-01,12.96,13.56,36
26-Mar-01,12.96,13.44,34
27-Mar-01,12.96,13.32,36
28-Mar-01,13.1,12.96,40
29-Mar-01,13.1,12.84,36
30-Mar-01,13.1,12.36,37
31-Mar-01,13.24,11.76,39
1-Apr-01,13.24,-9999,34
2-Apr-01,13.24,-9999,29
3-Apr-01,13.24,10.8,20
4-Apr-01,13.24,10.44,21
5-Apr-01,13.24,9.96,24
6-Apr-01,13.37,9.84,23
7-Apr-01,14.31,9.96,17
8-Apr-01,14.31,10.92,13
9-Apr-01,14.31,10.92,-9999
10-Apr-01,14.44,11.04,21
11-Apr-01,14.44,11.16,23
12-Apr-01,14.71,11.16,24
13-Apr-01,14.71,11.28,24
14-Apr-01,14.84,11.16,27
15-Apr-01,14.84,11.16,32
16-Apr-01,14.84,11.04,36
17-Apr-01,14.84,10.8,35
18-Apr-01,15.11,10.32,33
19-Apr-01,15.24,10.2,26
20-Apr-01,15.64,10.32,22
21-Apr-01,15.91,11.04,24
22-Apr-01,15.91,11.16,29
23-Apr-01,16.04,11.16,37
24-Apr-01,16.17,10.92,41
25-Apr-01,16.17,10.2,42
26-Apr-01,16.17,9.72,41
27-Apr-01,16.17,9,38
28-Apr-01,16.17,8.28,35
29-Apr-01,16.3,7.56,39
30-Apr-01,16.3,6.72,44
1-May-01,16.3,5.88,42
2-May-01,16.3,5.04,30
3-May-01,16.3,4.08,33
4-May-01,16.43,3.48,39
5-May-01,16.43,2.76,-9999
6-May-01,16.56,1.68,44
7-May-01,16.56,1.08,49
8-May-01,16.56,1.08,48
9-May-01,16.56,0.84,46
10-May-01,16.56,0.84,48
11-May-01,16.56,0.84,49
12-May-01,16.56,0.72,43
13-May-01,16.56,0.72,41
14-May-01,16.69,0.6,44
15-May-01,16.69,0.6,45
16-May-01,16.69,0.6,47
17-May-01,16.69,0.6,47
18-May-01,16.69,0.6,45
19-May-01,16.69,0.48,47
20-May-01,16.69,0.48,52
21-May-01,16.69,0.48,54
22-May-01,16.69,0.48,52
23-May-01,16.69,0.48,53
24-May-01,16.69,0.48,53
25-May-01,16.69,0.36,52
26-May-01,16.69,0.36,48
27-May-01,16.69,0.36,46
28-May-01,16.69,0.36,46
29-May-01,16.69,0.36,51
30-May-01,16.69,0.36,56
31-May-01,16.69,0.36,57
1-Jun-01,16.69,0.36,52
2-Jun-01,16.69,0.36,45
3-Jun-01,16.69,0.12,41
4-Jun-01,16.69,0.24,43
5-Jun-01,16.69,0.36,44
6-Jun-01,16.82,0.36,51
7-Jun-01,16.82,0.12,51
8-Jun-01,16.82,0.12,49
9-Jun-01,16.82,0.12,49
10-Jun-01,16.82,0.12,49
11-Jun-01,16.82,0.12,46
12-Jun-01,16.82,0.12,44
13-Jun-01,16.82,0.12,44
14-Jun-01,16.82,0,48
15-Jun-01,16.82,0.12,51
16-Jun-01,16.95,0.12,53
17-Jun-01,16.95,0,50
18-Jun-01,16.95,0,51
19-Jun-01,16.95,0,53
20-Jun-01,17.08,0,56
21-Jun-01,17.08,0,57
22-Jun-01,17.08,0,57
23-Jun-01,17.08,0,52
24-Jun-01,17.08,0,-9999
25-Jun-01,17.21,0,49
26-Jun-01,17.21,0,49
27-Jun-01,17.21,0,51
28-Jun-01,17.21,0,51
29-Jun-01,17.21,0,54
30-Jun-01,17.21,0,57
1-Jul-01,17.21,0,58
2-Jul-01,17.34,0,60
3-Jul-01,17.48,0,57
4-Jul-01,17.48,0.24,53
5-Jul-01,19.48,0.36,51
6-Jul-01,19.48,0.6,49
7-Jul-01,19.88,0.48,49
8-Jul-01,20.01,0.48,51
9-Jul-01,20.01,0.6,50
10-Jul-01,20.01,0.6,52
11-Jul-01,20.01,0.48,51
12-Jul-01,20.01,0.36,52
13-Jul-01,20.01,0.12,53
14-Jul-01,20.01,0.12,49
15-Jul-01,20.01,0.12,48
16-Jul-01,20.01,0.12,46
17-Jul-01,20.01,0.12,47
18-Jul-01,20.01,0.12,49
19-Jul-01,20.01,0.12,47
20-Jul-01,20.01,0.12,47
21-Jul-01,20.01,0.12,47
22-Jul-01,20.01,0.12,50
23-Jul-01,20.01,0.12,50
24-Jul-01,20.01,0.12,54
25-Jul-01,20.01,0,55
26-Jul-01,20.01,0,57
27-Jul-01,20.01,0,54
28-Jul-01,20.01,0,52
29-Jul-01,20.01,0,52
30-Jul-01,20.01,0,47
31-Jul-01,20.14,0,52
1-Aug-01,20.14,0,54
2-Aug-01,20.14,0,55
3-Aug-01,20.14,0,53
4-Aug-01,20.14,0,48
5-Aug-01,20.14,0,54
6-Aug-01,20.27,0,57
7-Aug-01,20.27,0,57
8-Aug-01,20.27,0.12,58
9-Aug-01,20.27,0,58
10-Aug-01,20.27,0,57
11-Aug-01,20.27,0,58
12-Aug-01,20.27,0.12,57
13-Aug-01,20.27,0.12,55
14-Aug-01,20.27,0.12,56
15-Aug-01,20.27,0.12,56
16-Aug-01,20.27,0.12,57
17-Aug-01,20.27,0,57
18-Aug-01,20.27,0,55
19-Aug-01,20.27,0,-9999
20-Aug-01,20.27,0,50
21-Aug-01,20.27,0,47
22-Aug-01,20.27,0,48
23-Aug-01,20.27,0,49
24-Aug-01,20.41,0,53
25-Aug-01,20.41,0,56
26-Aug-01,20.41,0,56
27-Aug-01,20.41,0,-9999
28-Aug-01,20.41,0,58
29-Aug-01,20.41,0,54
30-Aug-01,20.41,0,54
31-Aug-01,20.41,0,54
1-Sep-01,20.41,0,53
2-Sep-01,20.41,0,53
3-Sep-01,20.41,0,48
4-Sep-01,20.41,0,50
5-Sep-01,20.41,0,47
6-Sep-01,20.41,0,47
7-Sep-01,20.41,0,51
8-Sep-01,20.41,0,52
9-Sep-01,20.41,0,50
10-Sep-01,20.41,0,49
11-Sep-01,20.41,0,-9999
12-Sep-01,20.41,0,45
13-Sep-01,20.41,0,45
14-Sep-01,20.41,0,47
15-Sep-01,20.41,0,46
16-Sep-01,20.41,0,44
17-Sep-01,20.41,0,47
18-Sep-01,20.41,0,50
19-Sep-01,20.41,0,50
20-Sep-01,20.41,0,49
21-Sep-01,20.41,0,50
22-Sep-01,20.41,0,50
23-Sep-01,20.41,0,47
24-Sep-01,20.54,0,50
25-Sep-01,20.94,0,49
26-Sep-01,20.94,0.36,46
27-Sep-01,20.94,0.24,46
28-Sep-01,20.94,0.24,43
29-Sep-01,20.94,0.12,49
30-Sep-01,20.94,0.12,48
1-Oct-01,0,0.12,50
2-Oct-01,0,0.12,49
3-Oct-01,0,0.12,48
4-Oct-01,0,0,47
5-Oct-01,0,0,45
6-Oct-01,0,0,42
7-Oct-01,0,0,42
8-Oct-01,0,0,39
9-Oct-01,0.26,0,37
10-Oct-01,0.26,0.36,38
11-Oct-01,0.26,0.36,36
12-Oct-01,0.39,0.36,45
13-Oct-01,0.39,0.36,46
14-Oct-01,0.39,0.48,45
15-Oct-01,0.39,0.48,44
16-Oct-01,0.39,0.48,42
17-Oct-01,0.39,0.36,41
18-Oct-01,0.39,0.36,42
19-Oct-01,0.39,0.48,41
20-Oct-01,0.39,0.48,42
21-Oct-01,0.39,0.48,37
22-Oct-01,0.39,0.36,36
23-Oct-01,0.39,0.36,39
24-Oct-01,0.39,0.36,39
25-Oct-01,0.39,0.36,39
26-Oct-01,0.39,0.36,38
27-Oct-01,0.39,0.36,36
28-Oct-01,0.39,0.36,36
29-Oct-01,0.39,0.36,-9999
30-Oct-01,1.19,0.48,34
31-Oct-01,1.32,0.96,30
1-Nov-01,1.32,0.96,34
2-Nov-01,1.32,0.84,33
3-Nov-01,1.32,0.84,37
4-Nov-01,1.32,0.84,38
5-Nov-01,1.32,0.84,36
6-Nov-01,1.32,0.84,-9999
7-Nov-01,1.32,0.72,35
8-Nov-01,1.32,0.72,38
9-Nov-01,1.32,0.72,31
10-Nov-01,1.32,0.72,32
11-Nov-01,1.32,0.72,35
12-Nov-01,2.12,0.6,30
13-Nov-01,2.25,1.44,30
14-Nov-01,2.39,1.44,32
15-Nov-01,2.39,1.44,33
16-Nov-01,2.39,1.56,31
17-Nov-01,2.39,1.56,30
18-Nov-01,2.39,1.56,29
19-Nov-01,2.39,1.68,32
20-Nov-01,2.39,1.68,31
21-Nov-01,2.93,1.56,33
22-Nov-01,3.33,2.16,27
23-Nov-01,3.33,2.4,24
24-Nov-01,3.99,2.28,-9999
25-Nov-01,4.26,3.96,14
26-Nov-01,4.26,4.08,9
27-Nov-01,4.26,4.08,12
28-Nov-01,4.93,3.96,24
29-Nov-01,5.59,5.28,-9999
30-Nov-01,5.59,5.52,15
1-Dec-01,6.66,5.64,24
2-Dec-01,7.33,6.96,26
3-Dec-01,7.86,8.88,15
4-Dec-01,7.86,9,6
5-Dec-01,7.86,9.12,19
6-Dec-01,9.19,9.24,23
7-Dec-01,9.19,9.36,25
8-Dec-01,9.19,9.36,22
9-Dec-01,9.32,9.36,21
10-Dec-01,9.32,9.6,11
11-Dec-01,9.32,9.36,12
12-Dec-01,9.32,9.36,16
13-Dec-01,9.46,9.36,23
14-Dec-01,9.99,9.84,17
15-Dec-01,9.99,10.2,12
16-Dec-01,9.99,10.08,20
17-Dec-01,10.12,10.2,-9999
18-Dec-01,10.12,10.2,15
19-Dec-01,10.12,10.2,24
20-Dec-01,10.79,10.32,21
21-Dec-01,10.79,10.8,14
22-Dec-01,10.92,10.8,20
23-Dec-01,11.19,11.04,21
24-Dec-01,11.19,11.04,16
25-Dec-01,11.19,11.04,19
26-Dec-01,11.19,11.04,31
27-Dec-01,11.19,11.16,31
28-Dec-01,11.59,11.16,29
29-Dec-01,12.79,12,31
30-Dec-01,13.32,12.96,28
31-Dec-01,13.32,13.56,28
1-Jan-02,13.32,13.68,29
2-Jan-02,13.86,13.8,-9999
3-Jan-02,13.86,14.76,23
4-Jan-02,13.86,14.64,19
5-Jan-02,13.86,14.76,25
6-Jan-02,13.99,14.88,31
7-Jan-02,13.99,14.88,28
8-Jan-02,13.99,14.76,27
9-Jan-02,13.99,14.64,24
10-Jan-02,13.99,14.64,26
11-Jan-02,13.99,14.52,28
12-Jan-02,13.99,14.4,25
13-Jan-02,13.99,14.4,24
14-Jan-02,13.99,14.28,21
15-Jan-02,13.99,14.16,13
16-Jan-02,13.99,14.04,8
17-Jan-02,13.99,13.92,6
18-Jan-02,14.13,13.8,12
19-Jan-02,14.13,13.8,11
20-Jan-02,14.13,13.68,18
21-Jan-02,14.13,13.68,20
22-Jan-02,14.13,13.68,8
23-Jan-02,14.13,13.56,9
24-Jan-02,14.13,13.56,25
25-Jan-02,14.13,13.56,28
26-Jan-02,14.53,13.68,26
27-Jan-02,14.93,14.16,19
28-Jan-02,14.93,14.4,5
29-Jan-02,14.93,14.28,-3
30-Jan-02,15.07,14.28,7
31-Jan-02,15.07,14.4,11
1-Feb-02,15.07,14.28,10
2-Feb-02,15.07,14.28,13
3-Feb-02,15.07,14.28,17
4-Feb-02,15.07,14.4,20
5-Feb-02,15.2,14.28,20
6-Feb-02,15.2,14.28,20
7-Feb-02,15.47,14.28,23
8-Feb-02,15.6,14.88,25
9-Feb-02,15.6,14.88,27
10-Feb-02,15.73,14.88,31
11-Feb-02,15.73,14.52,30
12-Feb-02,15.73,13.92,31
13-Feb-02,15.87,14.28,27
14-Feb-02,15.87,14.52,32
15-Feb-02,15.87,14.76,32
16-Feb-02,16,15,29
17-Feb-02,16.67,15.6,20
18-Feb-02,16.67,16.08,17
19-Feb-02,16.67,16.32,28
20-Feb-02,16.93,16.68,32
21-Feb-02,16.93,16.56,33
22-Feb-02,16.93,16.2,37
23-Feb-02,16.93,16.44,31
24-Feb-02,16.93,16.56,28
25-Feb-02,16.93,16.56,32
26-Feb-02,16.93,16.8,32
27-Feb-02,16.93,16.8,33
28-Feb-02,16.93,16.92,28
1-Mar-02,16.93,16.8,25
2-Mar-02,16.93,16.8,23
3-Mar-02,16.93,16.68,24
4-Mar-02,16.93,16.8,24
5-Mar-02,17.06,16.68,27
6-Mar-02,17.6,16.8,28
7-Mar-02,18.13,17.88,21
8-Mar-02,18.13,18.24,14
9-Mar-02,18.13,18.24,25
10-Mar-02,18.4,18.36,26
11-Mar-02,18.53,18.36,30
12-Mar-02,18.53,18.48,31
13-Mar-02,18.53,18.36,18
14-Mar-02,18.53,18.24,10
15-Mar-02,18.53,18,8
16-Mar-02,18.66,18,11
17-Mar-02,18.66,18,10
18-Mar-02,19.06,18,23
19-Mar-02,19.06,18,30
20-Mar-02,19.19,18.12,31
21-Mar-02,19.19,18.24,34
22-Mar-02,19.19,18.12,33
23-Mar-02,19.72,18.24,24
24-Mar-02,19.72,18.48,23
25-Mar-02,19.72,18.48,-9999
26-Mar-02,19.85,18.48,28
27-Mar-02,19.85,18.48,32
28-Mar-02,19.85,18.36,35
29-Mar-02,19.85,18,38
30-Mar-02,19.85,17.52,38
31-Mar-02,19.85,17.04,38
1-Apr-02,19.99,16.56,40
2-Apr-02,19.99,16.08,39
3-Apr-02,19.99,15.36,41
4-Apr-02,19.99,14.4,39
5-Apr-02,19.99,13.68,35
6-Apr-02,20.13,13.08,35
7-Apr-02,20.13,12.6,36
8-Apr-02,20.13,12,38
9-Apr-02,20.13,11.28,35
10-Apr-02,20.13,10.56,37
11-Apr-02,20.27,10.08,37
12-Apr-02,20.27,9.36,41
13-Apr-02,20.27,8.64,42
14-Apr-02,20.27,7.68,41
15-Apr-02,20.27,6.72,24
16-Apr-02,20.27,6.48,23
17-Apr-02,20.41,5.76,18
18-Apr-02,20.41,5.76,18
19-Apr-02,20.41,5.76,23
20-Apr-02,20.41,6,25
21-Apr-02,20.54,6.24,33
22-Apr-02,20.54,6.12,37
23-Apr-02,20.67,5.52,39
24-Apr-02,20.67,4.32,40
25-Apr-02,21.07,3,35
26-Apr-02,21.34,2.52,31
27-Apr-02,21.47,2.64,29
28-Apr-02,21.47,2.4,30
29-Apr-02,21.47,2.16,29
30-Apr-02,21.61,2.16,19
1-May-02,21.74,2.4,26
2-May-02,21.87,2.16,38
3-May-02,21.87,1.08,36
4-May-02,21.87,1.08,37
5-May-02,22,1.08,39
6-May-02,22,0.96,38
7-May-02,22,0.84,37
8-May-02,22,0.84,-9999
9-May-02,22,0.72,34
10-May-02,22,0.6,30
11-May-02,22,0.6,37
12-May-02,22.13,0.6,41
13-May-02,22.13,0.6,42
14-May-02,22.13,0.6,43
15-May-02,22.13,0.6,43
16-May-02,22.13,0.6,45
17-May-02,22.27,0.6,47
18-May-02,22.27,0.6,45
19-May-02,22.27,0.48,38
20-May-02,22.41,0.6,26
21-May-02,22.54,0.96,27
22-May-02,22.54,0.96,-9999
23-May-02,22.67,0.96,38
24-May-02,22.67,0.84,42
25-May-02,22.81,0.72,44
26-May-02,22.81,0.72,44
27-May-02,22.81,0.6,43
28-May-02,22.81,0.6,47
29-May-02,22.94,0.6,53
30-May-02,22.94,0.36,54
31-May-02,22.94,0.48,-9999
1-Jun-02,22.94,0.48,44
2-Jun-02,22.94,0.48,43
3-Jun-02,22.94,0.48,46
4-Jun-02,22.94,0.48,52
5-Jun-02,23.07,0.48,56
6-Jun-02,23.07,0.48,53
7-Jun-02,23.07,0.48,49
8-Jun-02,23.07,0.36,43
9-Jun-02,23.07,0.36,39
10-Jun-02,23.2,0.36,45
11-Jun-02,23.2,0.36,48
12-Jun-02,23.33,0.36,51
13-Jun-02,23.33,0.36,52
14-Jun-02,23.46,0.36,51
15-Jun-02,23.46,0.36,51
16-Jun-02,23.46,0.36,52
17-Jun-02,23.46,0.48,-9999
18-Jun-02,23.46,0.36,51
19-Jun-02,23.46,0.36,53
20-Jun-02,23.46,0.48,52
21-Jun-02,23.46,0.48,47
22-Jun-02,23.46,0.36,49
23-Jun-02,23.46,0.36,52
24-Jun-02,23.46,0.36,53
25-Jun-02,23.59,0.48,56
26-Jun-02,23.59,0.48,55
27-Jun-02,23.59,0.36,54
28-Jun-02,23.59,0.36,55
29-Jun-02,23.59,0.36,56
30-Jun-02,23.59,0.48,61
1-Jul-02,23.59,0.48,60
2-Jul-02,23.59,0.24,55
3-Jul-02,23.72,0.24,52
4-Jul-02,23.72,0.24,53
5-Jul-02,23.72,0.24,55
6-Jul-02,23.72,0.24,57
7-Jul-02,23.72,0.36,55
8-Jul-02,23.72,0.24,58
9-Jul-02,23.72,0.36,63
10-Jul-02,23.86,0.36,65
11-Jul-02,23.86,0.36,63
12-Jul-02,23.86,0.12,61
13-Jul-02,23.86,0.12,59
14-Jul-02,23.86,0.24,58
15-Jul-02,23.86,0.24,55
16-Jul-02,23.86,0.24,54
17-Jul-02,23.99,0.24,55
18-Jul-02,23.99,0.36,48
19-Jul-02,24.13,0.48,52
20-Jul-02,24.26,0.48,56
21-Jul-02,24.26,0.48,55
22-Jul-02,24.26,0.48,-9999
23-Jul-02,24.26,0.48,-9999
24-Jul-02,24.26,0.48,57
25-Jul-02,24.26,0.48,56
26-Jul-02,24.26,0.48,54
27-Jul-02,24.26,0.48,57
28-Jul-02,24.26,0.48,59
29-Jul-02,24.26,0.48,60
30-Jul-02,24.26,0.48,60
31-Jul-02,24.26,0.24,-9999
1-Aug-02,24.26,0,57
2-Aug-02,24.26,0.12,55
3-Aug-02,24.26,0.12,51
4-Aug-02,24.26,0.12,47
5-Aug-02,24.26,0.12,45
6-Aug-02,24.26,0.12,46
7-Aug-02,24.26,0.12,47
8-Aug-02,24.26,0.24,53
9-Aug-02,24.39,0.24,55
10-Aug-02,24.39,0.24,56
11-Aug-02,24.39,0.24,57
12-Aug-02,24.39,0.48,60
13-Aug-02,24.39,0.48,61
14-Aug-02,24.39,0.36,60
15-Aug-02,24.39,0.48,60
16-Aug-02,24.39,0.48,59
17-Aug-02,24.39,0.48,-9999
18-Aug-02,24.39,0.36,56
19-Aug-02,24.39,0.48,50
20-Aug-02,24.39,0.48,44
21-Aug-02,24.39,0.12,44
22-Aug-02,24.39,0.12,45
23-Aug-02,24.39,0.24,47
24-Aug-02,24.39,0,48
25-Aug-02,24.39,0.36,49
26-Aug-02,24.39,0.36,50
27-Aug-02,24.52,0.36,51
28-Aug-02,24.52,0.36,52
29-Aug-02,24.52,0.36,51
30-Aug-02,24.52,0.36,50
31-Aug-02,24.52,0.36,51
1-Sep-02,24.52,0.36,54
2-Sep-02,24.52,0.36,54
3-Sep-02,24.52,0.48,51
4-Sep-02,24.52,0.36,48
5-Sep-02,24.52,0.48,47
6-Sep-02,24.92,0.48,41
7-Sep-02,24.92,0.72,37
8-Sep-02,25.06,0.72,40
9-Sep-02,25.06,0.6,45
10-Sep-02,25.06,0.6,47
11-Sep-02,25.06,0.6,48
12-Sep-02,25.06,0.6,48
13-Sep-02,25.06,0.6,50
14-Sep-02,25.06,0.6,51
15-Sep-02,25.06,0.48,50
16-Sep-02,25.06,0.48,44
17-Sep-02,25.06,0.48,44
18-Sep-02,25.06,0.48,48
19-Sep-02,25.06,0.48,51
20-Sep-02,25.06,0.48,50
21-Sep-02,25.06,0.48,51
22-Sep-02,25.06,0.48,51
23-Sep-02,25.06,0.48,51
24-Sep-02,25.06,0.48,49
25-Sep-02,25.06,0.48,-9999
26-Sep-02,25.06,0.48,46
27-Sep-02,25.06,0.48,40
28-Sep-02,25.06,0.36,36
29-Sep-02,25.06,0.48,35
30-Sep-02,25.06,0.48,35
1-Oct-02,0,0.48,28
2-Oct-02,0,0.36,30
3-Oct-02,0,0.36,-9999
4-Oct-02,0,0.48,41
5-Oct-02,0.13,0.48,40
6-Oct-02,0.13,0.48,-9999
7-Oct-02,0.13,0.48,45
8-Oct-02,0.13,0.48,44
9-Oct-02,0.13,0.48,44
10-Oct-02,0.13,0.48,41
11-Oct-02,0.13,0.36,40
12-Oct-02,0.13,0.48,41
13-Oct-02,0.13,0.48,41
14-Oct-02,0.13,0.48,42
15-Oct-02,0.13,0.48,39
16-Oct-02,0.13,0.36,39
17-Oct-02,0.13,0.36,39
18-Oct-02,0.13,0.36,38
19-Oct-02,0.13,0.36,36
20-Oct-02,0.13,0.36,35
21-Oct-02,0.13,0.36,31
22-Oct-02,0.13,0.36,-9999
23-Oct-02,0.13,0.36,-9999
24-Oct-02,0.13,0.36,31
25-Oct-02,0.13,0.36,32
26-Oct-02,0.13,0.36,31
27-Oct-02,0.13,0.36,33
28-Oct-02,0.13,0.36,33
29-Oct-02,0.13,0.36,29
30-Oct-02,0.13,0.36,29
31-Oct-02,0.13,0.36,28
1-Nov-02,0.13,0.48,26
2-Nov-02,0.13,0.48,30
3-Nov-02,0.13,0.48,32
4-Nov-02,0.13,0.48,29
5-Nov-02,0.13,0.48,-9999
6-Nov-02,0.13,0.48,34
7-Nov-02,1.6,0.48,31
8-Nov-02,3.6,2.64,34
9-Nov-02,3.73,4.08,28
10-Nov-02,3.73,4.08,27
11-Nov-02,3.73,4.2,31
12-Nov-02,3.73,4.08,33
13-Nov-02,3.73,3.96,32
14-Nov-02,3.73,3.96,30
15-Nov-02,3.73,4.2,29
16-Nov-02,3.73,4.2,29
17-Nov-02,3.73,4.08,27
18-Nov-02,3.73,4.44,29
19-Nov-02,3.86,4.2,39
20-Nov-02,3.86,3.84,40
21-Nov-02,3.86,3.72,34
22-Nov-02,3.86,3.72,33
23-Nov-02,3.86,3.24,31
24-Nov-02,3.86,3.84,-9999
25-Nov-02,3.86,3.6,28
26-Nov-02,3.86,3.96,33
27-Nov-02,3.86,4.2,35
28-Nov-02,3.86,4.56,31
29-Nov-02,3.86,4.08,32
30-Nov-02,3.86,3.96,27
1-Dec-02,3.86,4.56,26
2-Dec-02,3.86,4.68,23
3-Dec-02,3.86,6.24,23
4-Dec-02,3.86,6.24,27
5-Dec-02,3.86,5.64,28
6-Dec-02,3.86,5.52,28
7-Dec-02,3.86,5.52,25
8-Dec-02,3.86,6,26
9-Dec-02,3.86,5.16,25
10-Dec-02,3.86,5.16,21
11-Dec-02,3.86,6,22
12-Dec-02,3.86,6.36,26
13-Dec-02,4.13,5.16,31
14-Dec-02,4.93,5.04,30
15-Dec-02,5.06,6.12,26
16-Dec-02,7.33,6.6,22
17-Dec-02,8.26,9.12,16
18-Dec-02,8.26,10.2,8
19-Dec-02,9.06,10.08,12
20-Dec-02,9.06,10.92,15
21-Dec-02,9.19,11.04,14
22-Dec-02,9.19,10.8,9
23-Dec-02,9.19,10.68,10
24-Dec-02,9.19,10.44,-9999
25-Dec-02,9.19,10.32,-9999
26-Dec-02,9.19,10.44,25
27-Dec-02,9.46,10.32,-9999
28-Dec-02,9.99,10.2,28
29-Dec-02,10.39,11.04,13
30-Dec-02,10.66,11.28,22
31-Dec-02,10.93,11.88,16
1-Jan-03,10.93,12.24,20
2-Jan-03,11.06,12.24,31
3-Jan-03,11.06,12.24,30
4-Jan-03,11.06,12.12,27
5-Jan-03,11.06,12,32
6-Jan-03,11.19,11.88,38
7-Jan-03,11.19,11.76,32
8-Jan-03,11.19,11.52,28
9-Jan-03,11.19,11.52,30
10-Jan-03,11.59,11.52,26
11-Jan-03,11.59,11.76,23
12-Jan-03,11.59,12,26
13-Jan-03,11.59,12,26
14-Jan-03,11.59,12.12,22
15-Jan-03,11.59,12,24
16-Jan-03,11.59,12,29
17-Jan-03,11.59,12,32
18-Jan-03,11.59,11.88,30
19-Jan-03,11.59,11.76,28
20-Jan-03,11.59,11.64,25
21-Jan-03,11.59,11.52,26
22-Jan-03,11.59,11.4,30
23-Jan-03,11.59,11.4,31
24-Jan-03,11.59,11.28,29
25-Jan-03,11.59,11.16,32
26-Jan-03,11.59,11.16,34
27-Jan-03,11.73,11.28,32
28-Jan-03,11.73,11.52,-9999
29-Jan-03,11.73,11.64,29
30-Jan-03,11.73,11.76,34
31-Jan-03,11.73,11.88,34
1-Feb-03,11.73,12,27
2-Feb-03,11.73,11.88,22
3-Feb-03,11.73,11.88,22
4-Feb-03,11.73,11.76,19
5-Feb-03,11.73,11.64,19
6-Feb-03,11.73,11.52,15
7-Feb-03,11.73,11.52,15
8-Feb-03,11.73,11.28,11
9-Feb-03,11.73,11.4,20
10-Feb-03,11.73,11.52,28
11-Feb-03,11.73,11.76,31
12-Feb-03,11.86,11.88,30
13-Feb-03,12.26,12.12,31
14-Feb-03,12.39,12.36,28
15-Feb-03,12.39,12.36,29
16-Feb-03,12.66,12.6,23
17-Feb-03,12.66,12.6,17
18-Feb-03,12.66,12.6,17
19-Feb-03,12.66,12.6,16
20-Feb-03,12.79,12.6,27
21-Feb-03,12.79,12.72,25
22-Feb-03,12.79,12.72,24
23-Feb-03,12.79,12.72,26
24-Feb-03,12.93,12.96,27
25-Feb-03,13.33,13.08,25
26-Feb-03,13.33,13.2,20
27-Feb-03,13.59,13.2,20
28-Feb-03,13.59,13.44,16
1-Mar-03,13.59,13.44,21
2-Mar-03,13.73,13.44,25
3-Mar-03,13.73,13.32,21
4-Mar-03,13.73,13.44,20
5-Mar-03,13.73,13.2,21
6-Mar-03,13.73,13.2,25
7-Mar-03,13.73,12.84,24
8-Mar-03,13.73,12.72,28
9-Mar-03,13.73,12.6,28
10-Mar-03,13.73,12.72,31
11-Mar-03,13.86,13.08,32
12-Mar-03,13.86,13.44,34
13-Mar-03,13.86,13.68,36
14-Mar-03,13.86,13.92,34
15-Mar-03,15.46,14.28,25
16-Mar-03,15.46,15.36,19
17-Mar-03,15.59,15.48,22
18-Mar-03,15.59,15.6,22
19-Mar-03,15.59,15.6,28
20-Mar-03,15.73,15.84,28
21-Mar-03,15.86,15.84,30
22-Mar-03,15.86,15.96,32
23-Mar-03,15.86,15.84,30
24-Mar-03,15.86,15.84,30
25-Mar-03,15.86,15.72,34
26-Mar-03,15.86,15.6,32
27-Mar-03,15.86,15.24,28
28-Mar-03,15.86,15.12,33
29-Mar-03,15.99,14.88,-9999
30-Mar-03,15.99,14.76,-9999
31-Mar-03,15.99,13.8,-9999
1-Apr-03,16.26,13.2,-9999
2-Apr-03,16.53,13.56,-9999
3-Apr-03,16.66,14.04,16
4-Apr-03,17.06,14.16,13
5-Apr-03,17.19,14.64,14
6-Apr-03,17.19,15,21
7-Apr-03,17.33,15,31
8-Apr-03,17.33,14.88,35
9-Apr-03,17.33,14.52,35
10-Apr-03,17.33,14.52,34
11-Apr-03,17.33,13.68,35
12-Apr-03,17.46,12.72,32
13-Apr-03,18.93,12.84,26
14-Apr-03,19.46,14.16,25
15-Apr-03,19.46,14.64,24
16-Apr-03,19.59,14.76,27
17-Apr-03,19.72,14.88,26
18-Apr-03,19.72,15.12,22
19-Apr-03,19.86,15.24,30
20-Apr-03,19.86,15.24,30
21-Apr-03,19.99,15.12,25
22-Apr-03,20.26,15.36,24
23-Apr-03,20.26,15.48,30
24-Apr-03,20.39,15.36,33
25-Apr-03,20.39,15.24,31
26-Apr-03,20.39,15,31
27-Apr-03,20.52,14.52,30
28-Apr-03,20.79,14.16,26
29-Apr-03,20.79,14.4,22
30-Apr-03,20.92,14.4,26
1-May-03,20.92,14.52,34
2-May-03,20.92,14.52,32
3-May-03,21.06,14.4,29
4-May-03,21.46,14.64,30
5-May-03,21.46,14.88,30
6-May-03,21.46,14.76,-9999
7-May-03,21.46,14.4,29
8-May-03,21.59,14.16,22
9-May-03,21.72,14.52,21
10-May-03,21.86,14.76,30
11-May-03,21.86,14.52,35
12-May-03,21.99,13.8,39
13-May-03,21.99,13.08,41
14-May-03,22.26,11.76,34
15-May-03,22.52,11.76,40
16-May-03,22.52,11.04,40
17-May-03,22.52,10.2,40
18-May-03,22.52,9.24,39
19-May-03,22.52,8.4,42
20-May-03,22.52,7.32,44
21-May-03,22.52,6,47
22-May-03,22.66,4.68,48
23-May-03,22.66,2.64,48
24-May-03,22.66,1.56,47
25-May-03,22.66,1.44,44
26-May-03,22.66,1.32,48
27-May-03,22.66,1.32,54
28-May-03,22.66,1.32,54
29-May-03,22.66,1.2,56
30-May-03,22.66,1.2,52
31-May-03,22.66,1.08,50
1-Jun-03,22.66,1.08,53
2-Jun-03,22.66,1.08,55
3-Jun-03,22.66,1.08,56
4-Jun-03,22.66,1.08,54
5-Jun-03,22.66,0.96,52
6-Jun-03,22.66,0.96,54
7-Jun-03,22.66,0.96,54
8-Jun-03,22.66,1.08,51
9-Jun-03,22.66,1.08,49
10-Jun-03,22.66,0.96,48
11-Jun-03,22.66,0.96,47
12-Jun-03,0,0.96,46
13-Jun-03,0,0.96,48
14-Jun-03,0.13,0.96,52
15-Jun-03,0.13,0.96,53
16-Jun-03,0.13,0.96,54
17-Jun-03,0.13,0.96,55
18-Jun-03,0.13,0.96,53
19-Jun-03,0.13,0.96,47
20-Jun-03,0.13,0.96,45
21-Jun-03,0.13,0.84,43
22-Jun-03,0.13,0.72,43
23-Jun-03,0.13,0.6,38
24-Jun-03,0.13,0.84,40
25-Jun-03,0.26,0.72,48
26-Jun-03,0.26,0.72,52
27-Jun-03,0.4,0.72,55
28-Jun-03,0.4,0.6,57
29-Jun-03,0.4,0.6,52
30-Jun-03,0.4,0.48,50
1-Jul-03,0.4,0.48,48
2-Jul-03,0.4,0.48,48
3-Jul-03,0.4,0.48,51
4-Jul-03,0.4,0.48,53
5-Jul-03,0.4,0.6,56
6-Jul-03,0.4,0.48,53
7-Jul-03,0.4,0.36,50
8-Jul-03,0.4,0.48,53
9-Jul-03,0.4,0.48,58
10-Jul-03,0.4,0.48,57
11-Jul-03,0.4,0.36,58
12-Jul-03,0.4,0.48,56
13-Jul-03,0.4,0.48,55
14-Jul-03,0.4,0.48,57
15-Jul-03,0.4,0.48,57
16-Jul-03,0.4,0.48,59
17-Jul-03,0.4,0.48,60
18-Jul-03,0.66,0.48,54
19-Jul-03,0.66,0.96,55
20-Jul-03,0.8,0.96,59
21-Jul-03,0.8,0.96,61
22-Jul-03,0.8,0.72,62
23-Jul-03,0.8,0.72,60
24-Jul-03,0.8,0.72,57
25-Jul-03,0.93,0.6,52
26-Jul-03,0.93,0.6,55
27-Jul-03,0.93,0.6,55
28-Jul-03,0.93,0.84,56
29-Jul-03,1.06,0.84,58
30-Jul-03,1.06,0.48,59
31-Jul-03,1.46,0.72,53
1-Aug-03,1.73,0.84,49
2-Aug-03,1.86,0.96,49
3-Aug-03,1.86,0.96,51
4-Aug-03,1.86,0.96,53
5-Aug-03,1.86,0.84,-9999
6-Aug-03,1.86,0.6,47
7-Aug-03,1.86,0.6,49
8-Aug-03,1.86,0.6,-9999
9-Aug-03,1.86,0.72,52
10-Aug-03,1.86,0.6,55
11-Aug-03,1.86,0.6,55
12-Aug-03,1.86,0.48,54
13-Aug-03,1.86,0.48,53
14-Aug-03,1.86,0.6,56
15-Aug-03,2,0.24,55
16-Aug-03,2,0.36,55
17-Aug-03,2,0.36,56
18-Aug-03,2,0.36,59
19-Aug-03,2,0.36,57
20-Aug-03,2,0.36,56
21-Aug-03,2,0.48,53
22-Aug-03,2,0.36,50
23-Aug-03,2,0.36,49
24-Aug-03,2,0.36,51
25-Aug-03,2,0.48,56
26-Aug-03,2,0.48,52
27-Aug-03,2,0.48,51
28-Aug-03,2,0.48,51
29-Aug-03,2,0.48,51
30-Aug-03,2,0.48,55
31-Aug-03,2,0.48,49
1-Sep-03,2.13,0.6,53
2-Sep-03,2.13,0.48,55
3-Sep-03,2.4,0.6,-9999
4-Sep-03,2.53,0.84,52
5-Sep-03,2.53,0.6,51
6-Sep-03,2.53,0.48,48
7-Sep-03,2.53,0.48,47
8-Sep-03,2.53,0.48,46
9-Sep-03,2.53,0.36,42
10-Sep-03,2.53,0.36,46
11-Sep-03,2.53,0.36,50
12-Sep-03,2.53,0.36,51
13-Sep-03,2.53,0.36,54
14-Sep-03,2.53,0.48,50
15-Sep-03,2.53,0.36,47
16-Sep-03,2.53,0.36,47
17-Sep-03,2.53,0.36,45
18-Sep-03,2.53,0.36,47
19-Sep-03,2.53,0.36,-9999
20-Sep-03,2.53,-9999,-9999
21-Sep-03,2.53,0.36,52
22-Sep-03,2.53,0.36,52
23-Sep-03,2.53,0.36,51
24-Sep-03,2.53,0.36,51
25-Sep-03,2.53,0.36,50
26-Sep-03,2.53,0.36,52
27-Sep-03,2.53,0.36,51
28-Sep-03,2.53,0.36,51
29-Sep-03,2.53,0.36,48
30-Sep-03,2.53,0.36,48
1-Oct-03,-9999,0.36,45
2-Oct-03,0,0.36,43
3-Oct-03,0,0.36,45
4-Oct-03,0,0.48,44
5-Oct-03,0,0.36,44
6-Oct-03,0,0.36,-9999
7-Oct-03,0,0.48,46
8-Oct-03,0,0.48,45
9-Oct-03,0.03,0.48,-9999
10-Oct-03,0.03,0.6,40
11-Oct-03,0.03,0.6,42
12-Oct-03,0.16,0.6,42
13-Oct-03,0.16,0.6,42
14-Oct-03,0.16,0.6,40
15-Oct-03,0.16,0.6,38
16-Oct-03,0.16,0.6,42
17-Oct-03,0.29,0.6,-9999
18-Oct-03,0.29,0.6,41
19-Oct-03,0.42,0.6,44
20-Oct-03,0.42,0.6,44
21-Oct-03,0.42,0.6,46
22-Oct-03,0.42,0.48,43
23-Oct-03,0.42,0,44
24-Oct-03,0.42,0,43
25-Oct-03,0.42,0,49
26-Oct-03,0.42,0.1,49
27-Oct-03,0.42,0,45
28-Oct-03,0.42,0,49
29-Oct-03,0.42,0,40
30-Oct-03,0.42,0,-9999
31-Oct-03,0.42,0,17
1-Nov-03,0.42,0,16
2-Nov-03,0.42,0,17
3-Nov-03,0.82,0.1,15
4-Nov-03,0.82,0.46,14
5-Nov-03,0.82,0.46,22
6-Nov-03,0.82,0.46,22
7-Nov-03,0.95,0.46,25
8-Nov-03,1.22,0.58,24
9-Nov-03,1.88,1.18,27
10-Nov-03,1.88,1.42,18
11-Nov-03,1.88,1.3,22
12-Nov-03,1.88,1.42,27
13-Nov-03,2.15,1.42,25
14-Nov-03,2.15,1.54,22
15-Nov-03,2.28,1.54,24
16-Nov-03,2.28,1.66,21
17-Nov-03,2.28,1.66,30
18-Nov-03,2.28,1.66,30
19-Nov-03,2.28,1.66,28
20-Nov-03,2.28,1.66,30
21-Nov-03,2.28,1.78,23
22-Nov-03,2.28,1.66,18
23-Nov-03,2.28,1.78,22
24-Nov-03,2.28,1.78,20
25-Nov-03,2.28,1.78,17
26-Nov-03,2.28,1.66,18
27-Nov-03,2.41,1.66,28
28-Nov-03,2.41,1.78,33
29-Nov-03,2.41,1.9,33
30-Nov-03,2.41,1.9,36
1-Dec-03,2.55,1.9,31
2-Dec-03,2.55,2.02,26
3-Dec-03,2.55,2.02,27
4-Dec-03,2.55,2.02,-9999
5-Dec-03,3.48,2.02,34
6-Dec-03,4.01,2.86,32
7-Dec-03,4.41,3.82,23
8-Dec-03,4.41,3.94,13
9-Dec-03,4.55,3.82,20
10-Dec-03,5.08,4.06,22
11-Dec-03,5.48,4.42,13
12-Dec-03,5.61,4.18,18
13-Dec-03,5.61,4.06,27
14-Dec-03,6.15,3.82,15
15-Dec-03,6.15,4.18,10
16-Dec-03,6.15,4.3,20
17-Dec-03,6.15,4.54,27
18-Dec-03,6.28,4.66,31
19-Dec-03,6.41,4.66,33
20-Dec-03,6.81,4.9,29
21-Dec-03,6.81,5.02,21
22-Dec-03,6.81,5.02,21
23-Dec-03,6.95,5.14,27
24-Dec-03,8.28,5.74,28
25-Dec-03,8.54,7.54,20
26-Dec-03,8.68,8.14,8
27-Dec-03,8.68,8.38,-1
28-Dec-03,8.68,8.62,8
29-Dec-03,9.74,9.1,22
30-Dec-03,10.54,10.78,25
31-Dec-03,10.54,11.14,22
1-Jan-04,11.61,11.38,21
2-Jan-04,11.61,13.42,16
3-Jan-04,11.61,13.78,1
4-Jan-04,11.61,13.78,3
5-Jan-04,12.01,13.9,17
6-Jan-04,12.14,14.14,22
7-Jan-04,12.68,14.38,27
8-Jan-04,13.21,14.62,22
9-Jan-04,13.21,14.62,26
10-Jan-04,13.34,14.62,26
11-Jan-04,13.34,14.5,25
12-Jan-04,13.34,14.5,25
13-Jan-04,13.34,14.38,24
14-Jan-04,13.34,14.26,23
15-Jan-04,13.34,14.14,22
16-Jan-04,13.34,14.02,22
17-Jan-04,13.34,13.9,24
18-Jan-04,13.34,13.9,24
19-Jan-04,13.34,13.78,17
20-Jan-04,13.34,13.66,16
21-Jan-04,13.34,13.66,22
22-Jan-04,13.47,13.54,25
23-Jan-04,13.47,13.42,24
24-Jan-04,13.47,13.42,19
25-Jan-04,13.47,13.3,12
26-Jan-04,13.47,13.06,15
27-Jan-04,13.87,13.18,24
28-Jan-04,13.87,13.3,17
29-Jan-04,13.87,13.18,24
30-Jan-04,13.87,13.06,22
31-Jan-04,13.87,13.06,15
1-Feb-04,13.87,12.82,20
2-Feb-04,15.07,12.94,21
3-Feb-04,15.2,14.02,14
4-Feb-04,15.2,14.14,11
5-Feb-04,15.2,14.14,15
6-Feb-04,15.34,14.14,22
7-Feb-04,15.34,14.5,14
8-Feb-04,15.34,14.38,14
9-Feb-04,15.47,14.38,21
10-Feb-04,15.47,14.38,28
11-Feb-04,15.47,14.38,25
12-Feb-04,15.47,14.26,20
13-Feb-04,15.47,14.14,20
14-Feb-04,15.47,14.14,19
15-Feb-04,15.47,14.26,27
16-Feb-04,16.4,14.38,-9999
17-Feb-04,16.8,14.86,30
18-Feb-04,17.74,14.86,22
19-Feb-04,17.74,15.7,18
20-Feb-04,17.74,15.94,22
21-Feb-04,17.74,16.06,20
22-Feb-04,17.74,16.18,23
23-Feb-04,17.74,16.3,19
24-Feb-04,17.87,16.42,18
25-Feb-04,19.47,16.42,22
26-Feb-04,19.74,17.98,21
27-Feb-04,19.74,19.18,12
28-Feb-04,19.74,19.3,11
29-Feb-04,19.87,19.42,17
1-Mar-04,19.87,19.42,21
2-Mar-04,19.87,19.66,21
3-Mar-04,20.67,19.78,22
4-Mar-04,20.8,19.78,23
5-Mar-04,20.8,19.9,28
6-Mar-04,20.94,19.9,33
7-Mar-04,20.94,19.9,38
8-Mar-04,21.07,19.78,38
9-Mar-04,21.07,19.42,36
10-Mar-04,21.07,19.3,39
11-Mar-04,21.07,19.3,35
12-Mar-04,21.07,19.18,34
13-Mar-04,21.07,19.18,35
14-Mar-04,21.07,19.06,37
15-Mar-04,21.07,18.34,38
16-Mar-04,21.07,17.62,37
17-Mar-04,21.07,17.02,38
18-Mar-04,21.07,16.78,37
19-Mar-04,21.07,16.54,38
20-Mar-04,21.2,16.42,41
21-Mar-04,21.2,16.42,40
22-Mar-04,21.2,15.94,39
23-Mar-04,21.2,15.82,37
24-Mar-04,21.2,15.58,34
25-Mar-04,21.47,15.46,29
26-Mar-04,21.6,15.58,28
27-Mar-04,21.73,15.94,32
28-Mar-04,21.73,15.7,39
29-Mar-04,21.73,15.82,38
30-Mar-04,21.73,15.82,38
31-Mar-04,21.73,15.94,34
1-Apr-04,21.73,15.46,-9999
2-Apr-04,21.73,15.94,-9999
3-Apr-04,21.73,15.1,38
4-Apr-04,21.73,14.74,39
5-Apr-04,21.73,14.38,37
6-Apr-04,21.73,13.78,-9999
7-Apr-04,21.73,13.18,-9999
8-Apr-04,21.73,12.7,36
9-Apr-04,21.73,12.1,38
10-Apr-04,21.87,11.5,37
11-Apr-04,21.87,11.02,38
12-Apr-04,21.87,10.18,-9999
13-Apr-04,21.87,9.58,33
14-Apr-04,21.87,8.98,31
15-Apr-04,21.87,8.26,32
16-Apr-04,21.87,7.9,29
17-Apr-04,21.87,8.02,24
18-Apr-04,22.01,7.66,22
19-Apr-04,22.14,7.42,28
20-Apr-04,22.14,7.66,33
21-Apr-04,22.27,7.42,32
22-Apr-04,22.27,7.06,-9999
23-Apr-04,22.4,6.58,38
24-Apr-04,22.4,6.1,40
25-Apr-04,22.4,5.02,42
26-Apr-04,22.4,4.06,44
27-Apr-04,22.4,2.5,43
28-Apr-04,22.4,0.82,37
29-Apr-04,22.4,0.58,37
30-Apr-04,22.4,0.58,42
1-May-04,22.4,0.7,43
2-May-04,22.54,0.46,46
3-May-04,22.54,0.46,48
4-May-04,22.54,0.34,46
5-May-04,22.54,0.34,44
6-May-04,22.54,0.22,42
7-May-04,22.68,0.22,45
8-May-04,22.68,0.22,41
9-May-04,22.68,0.22,42
10-May-04,22.68,0.22,33
11-May-04,22.68,0.22,32
12-May-04,22.68,0.22,38
13-May-04,22.68,0.22,41
14-May-04,22.68,0.22,-9999
15-May-04,22.68,0.34,41
16-May-04,22.68,0.22,42
17-May-04,22.68,0.22,39
18-May-04,22.68,0.22,37
19-May-04,22.68,0.22,38
20-May-04,22.68,0.22,36
21-May-04,22.68,0.1,-9999
22-May-04,22.68,0.22,38
23-May-04,22.68,0.22,38
24-May-04,22.82,0.22,39
25-May-04,22.82,0.22,38
26-May-04,22.96,0,-9999
27-May-04,22.96,0.1,46
28-May-04,23.63,0.34,38
29-May-04,23.76,0.82,41
30-May-04,23.89,0.7,47
31-May-04,23.89,0.46,48
1-Jun-04,23.89,0.46,49
2-Jun-04,23.89,0.34,52
3-Jun-04,23.89,0.34,51
4-Jun-04,23.89,0.34,53
5-Jun-04,23.89,0.34,53
6-Jun-04,23.89,0.34,51
7-Jun-04,23.89,0.34,46
8-Jun-04,23.89,0.22,37
9-Jun-04,23.89,0.1,35
10-Jun-04,24.02,0.1,42
11-Jun-04,24.02,0.22,43
12-Jun-04,24.02,0.22,48
13-Jun-04,24.02,0.22,54
14-Jun-04,24.02,0.22,54
15-Jun-04,24.02,0.22,53
16-Jun-04,24.02,0.34,-9999
17-Jun-04,24.02,0.34,50
18-Jun-04,24.02,0.34,49
19-Jun-04,24.02,0.34,49
20-Jun-04,24.02,0.34,53
21-Jun-04,24.02,0.34,51
22-Jun-04,24.02,0.34,54
23-Jun-04,24.02,0.34,54
24-Jun-04,24.02,0.34,52
25-Jun-04,24.02,0.1,-9999
26-Jun-04,24.02,0.22,53
27-Jun-04,24.02,0.22,51
28-Jun-04,24.02,0.22,46
29-Jun-04,24.02,0.22,46
30-Jun-04,24.02,0.1,44
1-Jul-04,24.02,0.1,44
2-Jul-04,24.02,0.1,47
3-Jul-04,24.02,0.22,48
4-Jul-04,24.15,0,52
5-Jul-04,24.15,0.1,56
6-Jul-04,24.15,0.22,55
7-Jul-04,24.15,0.22,54
8-Jul-04,24.15,0.1,52
9-Jul-04,24.15,0.22,53
10-Jul-04,24.15,0.1,49
11-Jul-04,24.15,0.1,51
12-Jul-04,24.15,0.1,54
13-Jul-04,24.15,0.1,55
14-Jul-04,24.15,0.1,54
15-Jul-04,24.15,0.1,55
16-Jul-04,24.15,0.1,59
17-Jul-04,24.15,0.22,56
18-Jul-04,24.15,0.22,55
19-Jul-04,24.15,-9999,54
20-Jul-04,24.15,0.1,55
21-Jul-04,24.15,0,57
22-Jul-04,24.15,0.1,57
23-Jul-04,24.15,0.1,57
24-Jul-04,24.15,0.1,57
25-Jul-04,24.15,0.1,56
26-Jul-04,24.15,0.1,55
27-Jul-04,24.15,0.1,55
28-Jul-04,24.15,0,57
29-Jul-04,24.15,0.1,55
30-Jul-04,24.15,0.1,53
31-Jul-04,24.15,0,53
1-Aug-04,24.15,0.1,52
2-Aug-04,24.15,0.1,49
3-Aug-04,24.15,0.1,49
4-Aug-04,24.15,0.1,-9999
5-Aug-04,24.15,0.1,46
6-Aug-04,24.15,0,48
7-Aug-04,24.15,0,54
8-Aug-04,24.15,0,56
9-Aug-04,24.28,0,57
10-Aug-04,24.28,0,58
11-Aug-04,24.28,0,59
12-Aug-04,24.28,0,55
13-Aug-04,24.68,0,52
14-Aug-04,24.68,0.46,54
15-Aug-04,24.82,0.34,52
16-Aug-04,24.82,0.46,49
17-Aug-04,24.82,0.46,52
18-Aug-04,24.82,0.34,54
19-Aug-04,24.82,0.34,54
20-Aug-04,24.95,0.34,53
21-Aug-04,24.95,0.1,54
22-Aug-04,24.95,0.1,47
23-Aug-04,24.95,0.1,46
24-Aug-04,24.95,0.1,47
25-Aug-04,24.95,0.1,48
26-Aug-04,24.95,0.1,48
27-Aug-04,24.95,0.1,52
28-Aug-04,24.95,0.1,52
29-Aug-04,25.08,0.1,53
30-Aug-04,25.08,0,55
31-Aug-04,25.08,0,55
1-Sep-04,25.08,0,55
2-Sep-04,25.08,0,48
3-Sep-04,25.08,0,40
4-Sep-04,25.08,0,47
5-Sep-04,25.22,0,49
6-Sep-04,25.22,0,51
7-Sep-04,25.22,0,52
8-Sep-04,25.22,0,51
9-Sep-04,25.22,0,50
10-Sep-04,25.22,0,51
11-Sep-04,25.22,0,51
12-Sep-04,25.22,0,48
13-Sep-04,25.22,-9999,47
14-Sep-04,25.22,0,-9999
15-Sep-04,25.22,0.1,49
16-Sep-04,25.22,0,49
17-Sep-04,25.22,0,47
18-Sep-04,25.22,0,44
19-Sep-04,25.22,0,30
20-Sep-04,25.22,0,-9999
21-Sep-04,25.36,0,39
22-Sep-04,25.36,0,44
23-Sep-04,25.36,0,45
24-Sep-04,25.36,0,47
25-Sep-04,25.36,0,47
26-Sep-04,25.36,0,45
27-Sep-04,25.36,0,44
28-Sep-04,25.36,0,41
29-Sep-04,25.36,0,40
30-Sep-04,25.36,0,37
1-Oct-04,0,0,39
2-Oct-04,0,0,40
3-Oct-04,0,0,41
4-Oct-04,0,0,39
5-Oct-04,0.13,0,42
6-Oct-04,0.13,0,43
7-Oct-04,0.13,0,43
8-Oct-04,0.13,0,44
9-Oct-04,0.13,0,40
10-Oct-04,0.13,0,-9999
11-Oct-04,0.13,0,39
12-Oct-04,0.13,0,-9999
13-Oct-04,0.13,0,45
14-Oct-04,0.13,0,46
15-Oct-04,0.13,0,44
16-Oct-04,0.13,0,40
17-Oct-04,1.06,0,-9999
18-Oct-04,1.2,0.82,-9999
19-Oct-04,1.2,-9999,-9999
20-Oct-04,3.73,-9999,-9999
21-Oct-04,3.86,3.7,21
22-Oct-04,3.86,3.7,25
23-Oct-04,3.86,3.58,30
24-Oct-04,4.13,3.7,31
25-Oct-04,4.13,3.94,27
26-Oct-04,5.2,3.94,24
27-Oct-04,5.33,4.78,18
28-Oct-04,5.33,4.9,-9999
29-Oct-04,5.46,4.78,21
30-Oct-04,5.46,4.78,23
31-Oct-04,5.46,4.78,22
1-Nov-04,5.46,4.78,30
2-Nov-04,5.46,4.66,31
3-Nov-04,5.73,4.66,28
4-Nov-04,6,5.14,25
5-Nov-04,6.13,5.26,29
6-Nov-04,6.13,5.14,33
7-Nov-04,6.39,5.26,34
8-Nov-04,6.79,5.5,32
9-Nov-04,6.79,5.74,33
10-Nov-04,6.93,5.74,31
11-Nov-04,6.93,5.74,28
12-Nov-04,6.93,5.74,27
13-Nov-04,6.93,5.5,27
14-Nov-04,6.93,5.14,27
15-Nov-04,7.07,5.26,28
16-Nov-04,7.07,5.5,30
17-Nov-04,7.07,5.14,30
18-Nov-04,7.07,4.78,29
19-Nov-04,7.07,4.66,25
20-Nov-04,7.07,4.66,23
21-Nov-04,7.07,5.02,17
22-Nov-04,7.21,5.14,-9999
23-Nov-04,7.21,5.14,25
24-Nov-04,7.21,5.26,28
25-Nov-04,7.21,5.38,29
26-Nov-04,7.21,5.26,28
27-Nov-04,7.87,5.38,21
28-Nov-04,7.87,5.74,11
29-Nov-04,7.87,5.5,14
30-Nov-04,7.87,5.26,11
1-Dec-04,7.87,5.26,9
2-Dec-04,8,5.5,14
3-Dec-04,8,5.5,17
4-Dec-04,8,5.74,13
5-Dec-04,8,5.98,11
6-Dec-04,8,6.1,20
7-Dec-04,9.07,6.46,24
8-Dec-04,9.34,7.18,29
9-Dec-04,9.34,7.18,-9999
10-Dec-04,9.34,6.94,28
11-Dec-04,9.34,6.46,31
12-Dec-04,9.34,5.74,31
13-Dec-04,9.34,5.38,26
14-Dec-04,9.34,5.02,23
15-Dec-04,9.34,4.78,27
16-Dec-04,9.34,4.66,26
17-Dec-04,9.34,4.66,23
18-Dec-04,9.34,4.78,30
19-Dec-04,9.34,5.14,27
20-Dec-04,9.34,5.26,27
21-Dec-04,9.34,5.38,30
22-Dec-04,9.34,5.5,28
23-Dec-04,9.34,5.5,27
24-Dec-04,9.34,5.62,31
25-Dec-04,9.34,5.74,23
26-Dec-04,9.34,5.86,28
27-Dec-04,9.47,5.98,29
28-Dec-04,10.14,6.1,22
29-Dec-04,10.4,6.82,20
30-Dec-04,12.14,7.42,24
31-Dec-04,13.2,9.94,19
1-Jan-05,13.87,11.62,16
2-Jan-05,13.87,11.86,7
3-Jan-05,13.87,12.1,19
4-Jan-05,14,12.22,16
5-Jan-05,14,12.46,10
6-Jan-05,14,12.46,4
7-Jan-05,15.6,12.58,21
8-Jan-05,16.67,14.38,23
9-Jan-05,18.14,16.06,28
10-Jan-05,18.67,17.5,27
11-Jan-05,18.94,18.34,13
12-Jan-05,18.94,18.7,9
13-Jan-05,18.94,18.58,14
14-Jan-05,18.94,18.7,-9999
15-Jan-05,19.07,18.7,25
16-Jan-05,19.07,18.7,25
17-Jan-05,19.74,18.7,30
18-Jan-05,19.74,18.7,34
19-Jan-05,19.74,18.1,33
20-Jan-05,19.74,17.62,30
21-Jan-05,19.74,17.86,30
22-Jan-05,19.74,17.86,30
23-Jan-05,19.74,17.98,28
24-Jan-05,19.74,17.98,28
25-Jan-05,20,18.1,32
26-Jan-05,20.53,18.46,28
27-Jan-05,20.53,18.82,22
28-Jan-05,21.07,18.94,21
29-Jan-05,21.07,19.42,15
30-Jan-05,21.07,19.42,20
31-Jan-05,21.07,19.54,-9999
1-Feb-05,21.07,19.66,-9999
2-Feb-05,21.07,19.66,34
3-Feb-05,21.07,19.66,35
4-Feb-05,21.07,19.66,26
5-Feb-05,21.07,19.54,27
6-Feb-05,21.07,19.54,23
7-Feb-05,21.07,19.42,19
8-Feb-05,21.07,19.18,16
9-Feb-05,21.07,19.18,22
10-Feb-05,21.07,19.18,27
11-Feb-05,21.2,19.18,32
12-Feb-05,21.33,19.3,29
13-Feb-05,21.33,19.3,26
14-Feb-05,21.33,19.18,26
15-Feb-05,22,19.3,29
16-Feb-05,22.67,19.9,32
17-Feb-05,22.67,19.78,26
18-Feb-05,22.67,19.9,24
19-Feb-05,22.67,19.9,20
20-Feb-05,23.2,20.5,28
21-Feb-05,23.87,20.98,27
22-Feb-05,23.87,21.46,24
23-Feb-05,24.13,21.58,26
24-Feb-05,24.13,21.7,22
25-Feb-05,24.13,21.7,20
26-Feb-05,24.13,21.7,20
27-Feb-05,24.13,21.7,23
28-Feb-05,24.8,20.86,26
1-Mar-05,24.8,21.58,22
2-Mar-05,24.93,21.82,26
3-Mar-05,24.93,21.94,24
4-Mar-05,24.93,22.18,27
5-Mar-05,25.07,22.18,33
6-Mar-05,25.07,22.3,32
7-Mar-05,25.07,22.18,36
8-Mar-05,25.07,20.38,35
9-Mar-05,25.07,20.38,36
10-Mar-05,25.07,20.26,36
11-Mar-05,25.2,20.26,38
12-Mar-05,25.2,20.5,36
13-Mar-05,25.2,20.38,32
14-Mar-05,25.2,20.38,25
15-Mar-05,25.2,20.74,24
16-Mar-05,25.2,20.86,27
17-Mar-05,25.2,20.98,26
18-Mar-05,25.2,20.86,28
19-Mar-05,25.86,20.98,27
20-Mar-05,26.26,21.7,23
21-Mar-05,26.53,22.3,24
22-Mar-05,28.93,22.9,27
23-Mar-05,29.46,25.06,23
24-Mar-05,29.46,25.66,17
25-Mar-05,29.46,25.9,16
26-Mar-05,29.6,26.14,29
27-Mar-05,29.73,26.38,31
28-Mar-05,30,26.74,21
29-Mar-05,30,26.86,22
30-Mar-05,30,26.98,24
31-Mar-05,30,27.1,34
1-Apr-05,30,26.62,30
2-Apr-05,30,26.14,31
3-Apr-05,30.26,26.86,26
4-Apr-05,30.53,27.34,24
5-Apr-05,30.8,27.7,34
6-Apr-05,30.8,26.26,40
7-Apr-05,30.8,26.98,29
8-Apr-05,30.93,27.1,16
9-Apr-05,31.33,27.94,23
10-Apr-05,31.33,28.18,27
11-Apr-05,31.46,27.58,32
12-Apr-05,31.46,26.86,29
13-Apr-05,31.46,26.98,26
14-Apr-05,31.46,27.34,28
15-Apr-05,31.59,26.74,35
16-Apr-05,31.59,27.22,36
17-Apr-05,31.59,26.98,33
18-Apr-05,31.59,26.62,31
19-Apr-05,31.59,26.14,23
20-Apr-05,31.59,25.78,25
21-Apr-05,31.72,25.78,32
22-Apr-05,31.72,25.54,34
23-Apr-05,31.72,25.18,32
24-Apr-05,31.72,25.42,29
25-Apr-05,31.86,24.82,31
26-Apr-05,31.86,25.18,36
27-Apr-05,31.86,24.58,34
28-Apr-05,31.99,24.22,29
29-Apr-05,32.12,24.22,-9999
30-Apr-05,32.12,24.1,34
1-May-05,32.12,23.62,34
2-May-05,32.12,23.02,34
3-May-05,32.26,22.9,37
4-May-05,32.26,22.54,38
5-May-05,32.52,21.58,-9999
6-May-05,32.66,21.94,31
7-May-05,32.66,22.3,32
8-May-05,32.92,21.7,-9999
9-May-05,33.85,21.82,27
10-May-05,33.99,21.94,27
11-May-05,33.99,21.58,31
12-May-05,33.99,21.46,38
13-May-05,34.12,21.22,41
14-May-05,34.12,20.5,43
15-May-05,34.12,19.42,42
16-May-05,35.32,18.58,33
17-May-05,35.45,17.86,35
18-May-05,35.59,17.38,42
19-May-05,35.72,16.66,46
20-May-05,35.85,15.58,45
21-May-05,35.85,14.5,46
22-May-05,35.85,13.42,46
23-May-05,35.85,12.22,46
24-May-05,35.85,11.02,46
25-May-05,35.99,9.82,49
26-May-05,35.99,8.5,49
27-May-05,35.99,6.94,49
28-May-05,35.99,5.26,46
29-May-05,35.99,3.22,38
30-May-05,35.99,1.18,43
31-May-05,35.99,0.7,46
1-Jun-05,35.99,0.7,45
2-Jun-05,35.99,0.58,42
3-Jun-05,35.99,0.46,43
4-Jun-05,35.99,0.22,44
5-Jun-05,35.99,0.1,38
6-Jun-05,35.99,0.1,32
7-Jun-05,35.99,0,35
8-Jun-05,35.99,0,36
9-Jun-05,35.99,0,41
10-Jun-05,35.99,0,41
11-Jun-05,36.13,0,42
12-Jun-05,36.13,0,46
13-Jun-05,36.26,0,51
14-Jun-05,36.26,0,50
15-Jun-05,36.26,0,48
16-Jun-05,36.26,0,43
17-Jun-05,36.26,0,38
18-Jun-05,36.26,0,37
19-Jun-05,36.26,0,41
20-Jun-05,36.39,0,50
21-Jun-05,36.39,0,51
22-Jun-05,36.39,0,50
23-Jun-05,36.39,0,48
24-Jun-05,36.39,0,47
25-Jun-05,36.39,0,43
26-Jun-05,36.52,0,46
27-Jun-05,36.52,0,46
28-Jun-05,36.52,0,48
29-Jun-05,36.52,0,54
30-Jun-05,36.65,0,56
1-Jul-05,36.65,0,57
2-Jul-05,36.65,0,55
3-Jul-05,36.65,0,53
4-Jul-05,36.65,0,54
5-Jul-05,36.65,0,56
6-Jul-05,36.65,0,57
7-Jul-05,36.65,0,57
8-Jul-05,36.65,0,55
9-Jul-05,36.65,0,52
10-Jul-05,36.65,0,54
11-Jul-05,36.78,0,60
12-Jul-05,36.78,0,62
13-Jul-05,36.78,0,61
14-Jul-05,36.78,0,60
15-Jul-05,36.78,0,53
16-Jul-05,36.78,0,63
17-Jul-05,36.78,0,63
18-Jul-05,36.78,0,63
19-Jul-05,36.78,0,61
20-Jul-05,36.78,0,62
21-Jul-05,36.78,0,60
22-Jul-05,36.78,0,58
23-Jul-05,36.78,0,58
24-Jul-05,36.78,0,58
25-Jul-05,36.78,0,54
26-Jul-05,36.91,0,58
27-Jul-05,36.91,0,58
28-Jul-05,36.91,0,58
29-Jul-05,36.91,0,56
30-Jul-05,36.91,0,56
31-Jul-05,36.91,0,58
1-Aug-05,36.91,0,54
2-Aug-05,36.91,0,51
3-Aug-05,36.91,0,54
4-Aug-05,36.91,0,56
5-Aug-05,36.91,-9999,55
6-Aug-05,36.91,-9999,54
7-Aug-05,36.91,-9999,55
8-Aug-05,36.91,-9999,56
9-Aug-05,36.91,-9999,57
10-Aug-05,36.91,-9999,55
11-Aug-05,36.91,-9999,55
12-Aug-05,36.91,0,56
13-Aug-05,36.91,0,52
14-Aug-05,36.91,-9999,52
15-Aug-05,37.04,-9999,47
16-Aug-05,37.18,0,47
17-Aug-05,37.18,0,50
18-Aug-05,37.18,0,49
19-Aug-05,37.31,0,51
20-Aug-05,37.31,0,52
21-Aug-05,37.31,0,53
22-Aug-05,37.31,0,53
23-Aug-05,37.31,0,53
24-Aug-05,37.31,0,52
25-Aug-05,37.31,0,50
26-Aug-05,37.31,0,51
27-Aug-05,37.31,0,54
28-Aug-05,37.31,0,53
29-Aug-05,37.31,0,50
30-Aug-05,37.31,-9999,51
31-Aug-05,37.31,0,51
1-Sep-05,37.31,0,52
2-Sep-05,37.31,0,49
3-Sep-05,37.31,0,47
4-Sep-05,37.31,0,43
5-Sep-05,37.31,-9999,45
6-Sep-05,37.31,0,47
7-Sep-05,37.31,0,45
8-Sep-05,37.31,0,44
9-Sep-05,37.31,0,38
10-Sep-05,37.31,0,37
11-Sep-05,37.31,0,33
12-Sep-05,37.44,0,37
13-Sep-05,37.44,0,40
14-Sep-05,37.44,0,43
15-Sep-05,37.44,0,43
16-Sep-05,37.44,0,40
17-Sep-05,37.44,0,39
18-Sep-05,37.44,0,42
19-Sep-05,37.44,0,46
20-Sep-05,37.44,0,44
21-Sep-05,37.44,0,45
22-Sep-05,37.44,0,45
23-Sep-05,37.44,0,41
24-Sep-05,37.44,0,39
25-Sep-05,37.44,0,44
26-Sep-05,37.58,0,39
27-Sep-05,37.71,0,41
28-Sep-05,37.84,0,49
29-Sep-05,37.84,0,47
30-Sep-05,37.84,0,46
1-Oct-05,0,0,44
2-Oct-05,0,0,44
3-Oct-05,0,0,33
4-Oct-05,0,0,37
5-Oct-05,0.13,0,41
6-Oct-05,0.13,0,44
7-Oct-05,0.13,0,43
8-Oct-05,0.13,0,37
9-Oct-05,0.13,0,41
10-Oct-05,0.13,0,43
11-Oct-05,0.13,0,39
12-Oct-05,0.13,0,42
13-Oct-05,0.13,0,43
14-Oct-05,0.13,0,44
15-Oct-05,0.13,0,37
16-Oct-05,0.13,0,42
17-Oct-05,0.13,0,46
18-Oct-05,0.13,0,42
19-Oct-05,0.13,0,38
20-Oct-05,0.13,0,41
21-Oct-05,0.13,0,42
22-Oct-05,0.13,0,39
23-Oct-05,0.13,0,40
24-Oct-05,0.4,0,40
25-Oct-05,0.66,0,36
26-Oct-05,0.66,0,34
27-Oct-05,0.93,0,32
28-Oct-05,0.93,0,34
29-Oct-05,0.93,0,35
30-Oct-05,0.93,0,35
31-Oct-05,1.06,0,39
1-Nov-05,1.06,0,39
2-Nov-05,1.06,0,38
3-Nov-05,1.06,0,33
4-Nov-05,1.06,0,32
5-Nov-05,1.06,0,31
6-Nov-05,1.06,0,36
7-Nov-05,1.19,0,34
8-Nov-05,1.46,0,34
9-Nov-05,1.46,0,38
10-Nov-05,1.46,0,35
11-Nov-05,1.46,0.46,30
12-Nov-05,1.46,0.34,30
13-Nov-05,1.46,0.34,34
14-Nov-05,1.46,0.34,40
15-Nov-05,1.59,0.34,44
16-Nov-05,1.59,0.34,35
17-Nov-05,1.59,0.34,35
18-Nov-05,1.59,0.34,34
19-Nov-05,1.59,0.22,34
20-Nov-05,1.59,0.22,34
21-Nov-05,1.59,0.22,33
22-Nov-05,1.59,0.22,32
23-Nov-05,1.59,0.22,32
24-Nov-05,1.59,0.22,33
25-Nov-05,1.72,0.1,30
26-Nov-05,1.72,0.46,18
27-Nov-05,1.72,0,17
28-Nov-05,2.52,0,25
29-Nov-05,2.79,1.06,33
30-Nov-05,2.79,1.42,31
1-Dec-05,4.52,1.54,32
2-Dec-05,5.86,4.66,22
3-Dec-05,5.86,4.9,8
4-Dec-05,5.86,4.9,13
5-Dec-05,5.86,4.9,13
6-Dec-05,5.86,4.9,13
7-Dec-05,6,4.9,22
8-Dec-05,6.26,5.26,29
9-Dec-05,6.26,5.26,23
10-Dec-05,6.26,5.26,24
11-Dec-05,6.26,5.26,24
12-Dec-05,6.39,5.26,23
13-Dec-05,6.39,5.38,22
14-Dec-05,6.39,5.26,19
15-Dec-05,6.39,5.26,17
16-Dec-05,6.39,5.26,15
17-Dec-05,6.92,5.26,18
18-Dec-05,8.52,5.98,29
19-Dec-05,9.05,7.54,32
20-Dec-05,9.05,7.78,31
21-Dec-05,9.32,7.9,37
22-Dec-05,9.72,8.38,35
23-Dec-05,9.72,8.14,32
24-Dec-05,9.72,8.38,31
25-Dec-05,9.85,8.62,33
26-Dec-05,10.39,9.22,24
27-Dec-05,10.65,9.7,31
28-Dec-05,11.45,10.06,27
29-Dec-05,11.45,10.78,19
30-Dec-05,12.39,11.02,30
31-Dec-05,13.05,12.22,-9999
1-Jan-06,13.05,-9999,-9999
2-Jan-06,13.05,-9999,-9999
3-Jan-06,13.05,-9999,-9999
4-Jan-06,13.05,-9999,30
5-Jan-06,14.92,17.98,28
6-Jan-06,14.92,17.86,29
7-Jan-06,15.05,17.86,26
8-Jan-06,15.05,17.86,19
9-Jan-06,15.05,17.86,21
10-Jan-06,15.05,17.98,21
11-Jan-06,15.18,17.98,27
12-Jan-06,15.18,18.1,27
13-Jan-06,15.18,18.22,31
14-Jan-06,15.85,18.22,22
15-Jan-06,15.98,19.54,10
16-Jan-06,15.98,19.3,17
17-Jan-06,16.25,19.42,24
18-Jan-06,16.65,19.78,21
19-Jan-06,16.65,20.26,10
20-Jan-06,16.65,20.02,7
21-Jan-06,16.65,20.02,15
22-Jan-06,16.79,20.02,22
23-Jan-06,16.92,20.02,32
24-Jan-06,16.92,20.02,29
25-Jan-06,16.92,19.78,17
26-Jan-06,16.92,19.66,16
27-Jan-06,16.92,19.66,15
28-Jan-06,16.92,19.54,21
29-Jan-06,17.19,19.66,29
30-Jan-06,17.32,19.66,27
31-Jan-06,17.45,20.02,25
1-Feb-06,17.59,20.14,32
2-Feb-06,17.72,20.38,33
3-Feb-06,17.72,20.5,30
4-Feb-06,17.72,20.5,24
5-Feb-06,17.72,20.5,23
6-Feb-06,17.72,20.5,25
7-Feb-06,17.72,20.5,28
8-Feb-06,17.72,20.62,28
9-Feb-06,17.72,20.5,29
10-Feb-06,17.72,20.5,28
11-Feb-06,17.72,20.38,29
12-Feb-06,17.72,20.5,32
13-Feb-06,17.72,20.38,32
14-Feb-06,17.72,20.14,27
15-Feb-06,17.72,20.14,10
16-Feb-06,17.72,20.26,5
17-Feb-06,17.72,20.5,10
18-Feb-06,17.72,21.1,10
19-Feb-06,17.85,21.34,7
20-Feb-06,17.85,21.46,5
21-Feb-06,17.99,21.46,13
22-Feb-06,17.99,21.58,24
23-Feb-06,18.12,21.58,23
24-Feb-06,18.25,21.46,22
25-Feb-06,18.25,21.1,25
26-Feb-06,18.52,20.62,28
27-Feb-06,20.12,20.5,33
28-Feb-06,20.38,19.9,21
1-Mar-06,20.38,21.1,16
2-Mar-06,20.38,22.06,19
3-Mar-06,20.38,23.86,14
4-Mar-06,20.38,25.06,14
5-Mar-06,20.65,25.42,27
6-Mar-06,20.65,25.66,23
7-Mar-06,20.65,26.62,15
8-Mar-06,20.78,26.86,18
9-Mar-06,20.78,27.22,20
10-Mar-06,20.78,27.34,11
11-Mar-06,20.78,27.46,7
12-Mar-06,20.91,27.46,6
13-Mar-06,20.91,27.58,16
14-Mar-06,20.91,27.7,16
15-Mar-06,20.91,28.3,14
16-Mar-06,20.91,28.42,22
17-Mar-06,20.91,28.66,19
18-Mar-06,20.91,28.78,15
19-Mar-06,20.91,28.9,11
20-Mar-06,20.91,28.66,14
21-Mar-06,20.91,29.14,16
22-Mar-06,20.91,29.26,23
23-Mar-06,21.31,29.38,29
24-Mar-06,22.11,29.38,32
25-Mar-06,22.11,29.26,25
26-Mar-06,22.24,30.1,26
27-Mar-06,26.91,30.34,28
28-Mar-06,26.91,30.46,25
29-Mar-06,26.91,31.3,18
30-Mar-06,26.91,31.42,25
31-Mar-06,28.37,31.78,28
1-Apr-06,28.37,32.14,23
2-Apr-06,28.64,32.26,31
3-Apr-06,29.84,32.38,33
4-Apr-06,30.64,33.7,30
5-Apr-06,30.77,34.78,22
6-Apr-06,31.44,35.02,25
7-Apr-06,31.57,35.38,31
8-Apr-06,31.57,35.38,31
9-Apr-06,31.71,35.38,26
10-Apr-06,31.71,35.38,27
11-Apr-06,31.84,35.5,26
12-Apr-06,32.11,35.62,36
13-Apr-06,32.24,35.86,39
14-Apr-06,32.24,35.38,36
15-Apr-06,32.37,35.38,33
16-Apr-06,32.9,34.18,27
17-Apr-06,33.04,35.02,22
18-Apr-06,33.04,35.62,29
19-Apr-06,33.04,35.86,35
20-Apr-06,33.17,34.06,37
21-Apr-06,33.3,32.62,37
22-Apr-06,33.57,32.38,31
23-Apr-06,33.57,33.58,29
24-Apr-06,33.57,34.54,35
25-Apr-06,33.57,32.14,35
26-Apr-06,33.7,31.54,39
27-Apr-06,33.84,30.94,45
28-Apr-06,33.84,30.82,44
29-Apr-06,33.84,30.46,42
30-Apr-06,33.84,29.26,42
1-May-06,33.84,28.42,42
2-May-06,33.84,27.94,40
3-May-06,33.84,27.22,37
4-May-06,33.84,26.26,36
5-May-06,33.84,25.66,37
6-May-06,33.84,25.18,38
7-May-06,33.84,24.46,41
8-May-06,33.84,23.62,40
9-May-06,33.84,22.9,41
10-May-06,33.97,21.58,44
11-May-06,33.97,20.62,42
12-May-06,33.97,19.54,44
13-May-06,33.97,18.1,45
14-May-06,33.97,16.78,47
15-May-06,33.97,15.58,48
16-May-06,34.1,14.5,49
17-May-06,34.1,13.3,45
18-May-06,34.1,11.98,46
19-May-06,34.24,10.78,42
20-May-06,34.37,9.46,41
21-May-06,35.04,8.02,37
22-May-06,35.17,7.9,33
23-May-06,35.44,7.42,38
24-May-06,35.57,6.58,41
25-May-06,35.57,5.38,43
26-May-06,35.57,3.22,37
27-May-06,35.57,1.06,26
28-May-06,35.57,0.82,30
29-May-06,35.71,0.7,36
30-May-06,35.97,0.58,42
31-May-06,35.97,0.58,46
1-Jun-06,35.97,0.46,47
2-Jun-06,35.97,0.46,47
3-Jun-06,36.11,0.34,53
4-Jun-06,36.11,0.34,48
5-Jun-06,36.11,0.34,52
6-Jun-06,36.11,0.34,53
7-Jun-06,36.11,0.34,48
8-Jun-06,36.11,0.34,47
9-Jun-06,36.11,0.22,46
10-Jun-06,36.11,0.22,47
11-Jun-06,36.25,0.22,48
12-Jun-06,36.25,0.22,45
13-Jun-06,36.25,0.22,38
14-Jun-06,36.25,0.22,40
15-Jun-06,36.25,0,46
16-Jun-06,36.39,0.1,53
17-Jun-06,36.39,0.1,53
18-Jun-06,36.39,0.1,52
19-Jun-06,36.39,0.1,50
20-Jun-06,36.39,0.1,52
21-Jun-06,36.52,0.1,56
22-Jun-06,36.52,0.1,58
23-Jun-06,36.52,0.22,60
24-Jun-06,36.52,0.22,60
25-Jun-06,36.65,0.22,61
26-Jun-06,36.65,0.22,57
27-Jun-06,36.65,0.22,55
28-Jun-06,36.78,0.34,51
29-Jun-06,36.92,0.58,52
30-Jun-06,36.92,0.46,54
1-Jul-06,36.92,0.34,56
2-Jul-06,36.92,0.34,55
3-Jul-06,36.92,0.34,54
4-Jul-06,36.92,0.46,54
5-Jul-06,36.92,0.34,53
6-Jul-06,36.92,0.34,51
7-Jul-06,36.92,0.34,55
8-Jul-06,36.92,0.34,55
9-Jul-06,37.05,0.46,54
10-Jul-06,37.05,0.1,55
11-Jul-06,37.05,0.22,54
12-Jul-06,37.05,0.22,51
13-Jul-06,37.05,0.22,55
14-Jul-06,37.18,0.22,57
15-Jul-06,37.18,0.22,58
16-Jul-06,37.18,0.22,60
17-Jul-06,37.18,0.22,58
18-Jul-06,37.18,0.34,56
19-Jul-06,37.18,0.1,59
20-Jul-06,37.45,0.1,55
21-Jul-06,37.58,0.46,57
22-Jul-06,37.71,0.46,61
23-Jul-06,37.71,0.34,58
24-Jul-06,37.85,0.46,60
25-Jul-06,37.85,0.34,61
26-Jul-06,37.85,0.46,61
27-Jul-06,37.85,0.46,60
28-Jul-06,37.85,0.34,60
29-Jul-06,37.85,0.34,58
30-Jul-06,37.85,0.34,54
31-Jul-06,37.85,0.22,49
1-Aug-06,37.85,0.22,48
2-Aug-06,37.85,0.22,52
3-Aug-06,37.85,0.22,52
4-Aug-06,38.38,0.22,49
5-Aug-06,38.38,0.7,51
6-Aug-06,38.38,0.7,52
7-Aug-06,38.38,0.46,50
8-Aug-06,38.38,0.46,49
9-Aug-06,38.38,0.1,53
10-Aug-06,38.38,0.1,52
11-Aug-06,38.38,0.1,50
12-Aug-06,38.38,0.1,51
13-Aug-06,38.52,0.22,52
14-Aug-06,38.52,0.22,51
15-Aug-06,38.52,0.34,48
16-Aug-06,38.52,0.22,48
17-Aug-06,38.52,0.1,49
18-Aug-06,38.66,0.1,52
19-Aug-06,38.66,0.1,51
20-Aug-06,38.66,0.1,53
21-Aug-06,38.66,0.1,51
22-Aug-06,38.66,0.1,53
23-Aug-06,38.8,0.22,53
24-Aug-06,38.8,0.22,50
25-Aug-06,38.8,0.1,48
26-Aug-06,38.94,0.22,52
27-Aug-06,38.94,0.22,54
28-Aug-06,38.94,0.22,53
29-Aug-06,38.94,0.1,50
30-Aug-06,38.94,0.1,49
31-Aug-06,39.08,0.22,52
1-Sep-06,39.08,0.22,53
2-Sep-06,39.08,0.22,52
3-Sep-06,39.08,0.22,51
4-Sep-06,39.08,0.22,52
5-Sep-06,39.08,0.22,53
6-Sep-06,39.08,0.22,51
7-Sep-06,39.08,0.34,51
8-Sep-06,39.08,0.22,48
9-Sep-06,39.08,0.22,45
10-Sep-06,39.08,0.22,48
11-Sep-06,39.08,0.22,49
12-Sep-06,39.08,0.22,51
13-Sep-06,39.08,0.22,51
14-Sep-06,39.08,0,44
15-Sep-06,39.08,0,35
16-Sep-06,39.08,0,37
17-Sep-06,39.21,0,44
18-Sep-06,39.34,0.1,46
19-Sep-06,39.34,0.1,42
20-Sep-06,39.34,0.1,40
21-Sep-06,39.34,0.1,43
22-Sep-06,39.34,0.1,40
23-Sep-06,39.34,0.1,40
24-Sep-06,39.47,0.1,41
25-Sep-06,39.47,0.1,43
26-Sep-06,39.47,0.1,42
27-Sep-06,39.6,0.1,45
28-Sep-06,39.6,0.1,47
29-Sep-06,39.6,0.1,47
30-Sep-06,39.6,0.1,46
1-Oct-06,0,0.1,43
2-Oct-06,0.13,0.34,41
3-Oct-06,0.13,0.34,41
4-Oct-06,0.13,0.34,41
5-Oct-06,0.13,0.22,32
6-Oct-06,0.13,0.34,32
7-Oct-06,0.13,0.22,34
8-Oct-06,0.13,0.22,38
9-Oct-06,0.13,0.34,38
10-Oct-06,0.27,0.34,32
11-Oct-06,0.4,0.58,37
12-Oct-06,0.4,0.34,41
13-Oct-06,0.4,0.34,41
14-Oct-06,0.4,0.34,40
15-Oct-06,0.4,0.22,40
16-Oct-06,0.4,0.22,35
17-Oct-06,0.4,0.1,28
18-Oct-06,0.4,0.1,33
19-Oct-06,0.4,0.1,40
20-Oct-06,0.4,0.1,41
21-Oct-06,0.4,0.1,40
22-Oct-06,0.4,0.1,39
23-Oct-06,0.4,0.1,39
24-Oct-06,0.4,0.1,36
25-Oct-06,0.4,0.1,36
26-Oct-06,0.4,0.1,39
27-Oct-06,0.4,0.1,37
28-Oct-06,0.4,0.1,37
29-Oct-06,0.4,0.1,30
30-Oct-06,0.4,0.1,29
31-Oct-06,0.4,0.1,29
1-Nov-06,0.4,0.1,32
2-Nov-06,0.4,0.1,38
3-Nov-06,0.4,0.1,34
4-Nov-06,0.4,0.1,32
5-Nov-06,0.4,0.1,36
6-Nov-06,0.4,0.1,43
7-Nov-06,0.4,0.1,40
8-Nov-06,0.4,0.1,32
9-Nov-06,0.4,0.22,28
10-Nov-06,0.4,0.1,29
11-Nov-06,0.53,0.1,29
12-Nov-06,0.53,0.34,29
13-Nov-06,0.93,0.34,34
14-Nov-06,1.07,0.7,34
15-Nov-06,1.07,0.58,35
16-Nov-06,1.07,0.46,34
17-Nov-06,1.07,0.46,36
18-Nov-06,1.07,0.46,35
19-Nov-06,1.07,0.46,34
20-Nov-06,1.07,0.46,34
21-Nov-06,1.07,0.46,34
22-Nov-06,1.07,0.34,29
23-Nov-06,1.07,0.34,27
24-Nov-06,1.07,0,23
25-Nov-06,1.07,0.1,24
26-Nov-06,1.2,0,21
27-Nov-06,1.2,0.46,19
28-Nov-06,1.2,0.46,9
29-Nov-06,1.2,0.22,24
30-Nov-06,1.2,0.46,28
1-Dec-06,1.2,0.34,27
2-Dec-06,1.2,0,30
3-Dec-06,1.2,0,27
4-Dec-06,1.2,0,28
5-Dec-06,1.2,0,29
6-Dec-06,1.2,0.1,30
7-Dec-06,1.2,0,30
8-Dec-06,1.2,0,29
9-Dec-06,1.47,0.46,31
10-Dec-06,1.73,0.82,18
11-Dec-06,1.73,0.94,19
12-Dec-06,2.13,1.06,27
13-Dec-06,2.27,1.3,32
14-Dec-06,2.27,1.54,27
15-Dec-06,2.27,1.54,26
16-Dec-06,2.53,1.54,20
17-Dec-06,2.53,1.66,13
18-Dec-06,2.53,1.66,13
19-Dec-06,2.53,1.54,15
20-Dec-06,2.53,1.54,20
21-Dec-06,2.93,1.54,24
22-Dec-06,3.07,2.02,18
23-Dec-06,3.07,2.14,21
24-Dec-06,3.2,2.14,25
25-Dec-06,3.2,2.14,24
26-Dec-06,3.6,2.14,31
27-Dec-06,4,2.98,19
28-Dec-06,4.13,3.22,21
29-Dec-06,4.27,3.22,26
30-Dec-06,4.27,3.22,24
31-Dec-06,4.27,3.22,21
1-Jan-07,4.27,3.22,24
2-Jan-07,4.4,3.22,34
3-Jan-07,4.4,3.34,30
4-Jan-07,4.67,3.34,24
5-Jan-07,4.67,3.82,16
6-Jan-07,4.67,3.82,24
7-Jan-07,4.67,3.94,35
8-Jan-07,4.67,3.94,29
9-Jan-07,4.67,3.94,24
10-Jan-07,4.67,3.94,22
11-Jan-07,4.67,3.94,15
12-Jan-07,4.67,3.94,-1
13-Jan-07,4.67,3.82,4
14-Jan-07,4.67,3.82,3
15-Jan-07,4.67,3.82,12
16-Jan-07,4.81,3.82,16
17-Jan-07,4.81,3.82,16
18-Jan-07,4.81,3.94,24
19-Jan-07,4.81,3.94,27
20-Jan-07,4.81,3.94,22
21-Jan-07,4.81,3.94,22
22-Jan-07,4.81,3.94,27
23-Jan-07,4.81,3.94,29
24-Jan-07,4.81,3.94,28
25-Jan-07,4.81,3.94,26
26-Jan-07,4.81,3.94,21
27-Jan-07,4.81,3.94,20
28-Jan-07,4.81,3.94,23
29-Jan-07,4.81,3.94,23
30-Jan-07,4.81,3.94,23
31-Jan-07,4.81,3.94,18
1-Feb-07,4.81,3.94,18
2-Feb-07,4.81,3.94,22
3-Feb-07,4.81,3.94,27
4-Feb-07,4.94,3.94,36
5-Feb-07,4.94,4.3,36
6-Feb-07,4.94,4.54,31
7-Feb-07,5.07,4.54,31
8-Feb-07,5.21,4.78,29
9-Feb-07,5.47,5.02,32
10-Feb-07,6.54,5.38,31
11-Feb-07,7.21,6.58,26
12-Feb-07,7.21,6.94,19
13-Feb-07,7.21,7.06,16
14-Feb-07,7.21,7.06,20
15-Feb-07,7.21,7.06,28
16-Feb-07,7.34,7.18,35
17-Feb-07,7.34,7.54,37
18-Feb-07,7.47,7.66,27
19-Feb-07,7.47,7.66,22
20-Feb-07,7.47,7.54,23
21-Feb-07,7.47,7.54,26
22-Feb-07,7.87,7.54,19
23-Feb-07,8,8.02,12
24-Feb-07,8.27,8.14,19
25-Feb-07,8.94,8.62,20
26-Feb-07,9.47,9.46,22
27-Feb-07,9.87,10.54,14
28-Feb-07,9.87,11.02,9
1-Mar-07,9.87,11.14,7
2-Mar-07,10.14,11.26,21
3-Mar-07,10.14,11.5,31
4-Mar-07,10.14,11.62,33
5-Mar-07,10.27,11.62,33
6-Mar-07,10.27,11.62,30
7-Mar-07,10.27,11.5,31
8-Mar-07,10.27,11.5,31
9-Mar-07,10.27,11.5,31
10-Mar-07,10.4,11.38,35
11-Mar-07,10.4,11.38,39
12-Mar-07,10.4,11.26,40
13-Mar-07,10.4,11.26,37
14-Mar-07,10.4,11.02,35
15-Mar-07,10.4,10.78,40
16-Mar-07,10.4,10.42,40
17-Mar-07,10.4,10.06,39
18-Mar-07,10.4,9.7,37
19-Mar-07,10.4,9.22,33
20-Mar-07,10.4,8.62,29
21-Mar-07,10.67,8.5,28
22-Mar-07,10.67,8.62,33
23-Mar-07,10.67,8.74,37
24-Mar-07,10.67,8.38,38
25-Mar-07,10.67,8.14,34
26-Mar-07,10.94,7.66,29
27-Mar-07,11.07,7.78,15
28-Mar-07,11.2,7.66,23
29-Mar-07,11.2,7.78,33
30-Mar-07,11.2,7.9,35
31-Mar-07,11.2,7.78,36
1-Apr-07,11.2,7.3,35
2-Apr-07,11.34,6.94,37
3-Apr-07,11.34,6.34,40
4-Apr-07,11.34,5.38,41
5-Apr-07,11.34,4.78,41
6-Apr-07,11.34,4.42,42
7-Apr-07,11.34,3.82,36
8-Apr-07,11.34,3.1,36
9-Apr-07,11.34,2.5,34
10-Apr-07,11.34,1.54,32
11-Apr-07,11.34,0.94,27
12-Apr-07,11.34,0.94,23
13-Apr-07,11.47,0.82,35
14-Apr-07,11.47,0.82,28
15-Apr-07,11.6,0.82,28
16-Apr-07,11.74,0.94,36
17-Apr-07,11.74,0.82,31
18-Apr-07,11.74,0.58,17
19-Apr-07,11.74,0.58,20
20-Apr-07,12.01,0.7,25
21-Apr-07,12.14,0.82,27
22-Apr-07,12.68,0.82,28
23-Apr-07,12.68,1.06,31
24-Apr-07,12.68,0.82,39
25-Apr-07,12.81,0.82,38
26-Apr-07,12.81,0.7,41
27-Apr-07,12.81,0.58,45
28-Apr-07,12.94,0.58,46
29-Apr-07,12.94,0.46,42
30-Apr-07,12.94,0.46,43
1-May-07,12.94,0.46,40
2-May-07,12.94,0.34,32
3-May-07,12.94,0.82,26
4-May-07,13.21,0.82,26
5-May-07,13.34,0.94,26
6-May-07,13.48,0.7,40
7-May-07,13.48,0.7,45
8-May-07,13.48,0.58,45
9-May-07,13.48,0.58,44
10-May-07,13.48,0.46,45
11-May-07,13.61,0.46,45
12-May-07,13.61,0.46,42
13-May-07,13.61,0.34,43
14-May-07,13.74,0.34,47
15-May-07,13.74,0.34,47
16-May-07,13.74,0.34,47
17-May-07,13.74,0.34,46
18-May-07,13.74,0.34,45
19-May-07,13.74,0.34,47
20-May-07,13.74,0.34,45
21-May-07,13.74,-9999,43
22-May-07,13.74,0.34,40
23-May-07,13.74,0.22,42
24-May-07,13.74,0.34,43
25-May-07,13.87,0.34,47
26-May-07,13.87,0.46,49
27-May-07,13.87,0.46,48
28-May-07,13.87,0.34,49
29-May-07,13.87,0.34,50
30-May-07,13.87,0.46,50
31-May-07,13.87,0.46,50
1-Jun-07,13.87,0.46,53
2-Jun-07,13.87,0.46,52
3-Jun-07,13.87,0.46,51
4-Jun-07,13.87,0.34,50
5-Jun-07,13.87,0.22,39
6-Jun-07,13.87,0.22,29
7-Jun-07,14,0.22,38
8-Jun-07,14.13,0.22,42
9-Jun-07,14.13,0.22,46
10-Jun-07,14.13,0.22,48
11-Jun-07,14.13,0.22,48
12-Jun-07,14.13,0.22,51
13-Jun-07,14.13,0.22,55
14-Jun-07,14.27,0.22,56
15-Jun-07,14.27,0.22,56
16-Jun-07,14.27,0.22,54
17-Jun-07,14.27,0.1,52
18-Jun-07,14.41,0.1,55
19-Jun-07,14.41,0.1,53
20-Jun-07,14.41,0.1,51
21-Jun-07,14.41,0.1,53
22-Jun-07,14.41,0,55
23-Jun-07,14.41,0,51
24-Jun-07,14.41,0,47
25-Jun-07,14.41,0,51
26-Jun-07,14.41,0,52
27-Jun-07,14.41,0,52
28-Jun-07,14.41,0,52
29-Jun-07,14.41,0,50
30-Jun-07,14.41,0,53
1-Jul-07,14.41,0,53
2-Jul-07,14.41,0,53
3-Jul-07,14.55,0,58
4-Jul-07,14.55,0.1,63
5-Jul-07,14.55,0.1,62
6-Jul-07,14.55,0.1,61
7-Jul-07,14.55,0.1,59
8-Jul-07,14.55,0.1,59
9-Jul-07,14.55,0,59
10-Jul-07,14.55,0,56
11-Jul-07,14.55,0,57
12-Jul-07,14.55,0,57
13-Jul-07,14.68,0,58
14-Jul-07,14.68,0.1,58
15-Jul-07,14.68,0.22,60
16-Jul-07,14.68,0.22,57
17-Jul-07,14.68,0.1,57
18-Jul-07,14.68,0,51
19-Jul-07,14.68,0,50
20-Jul-07,14.68,0,50
21-Jul-07,14.68,0.1,53
22-Jul-07,14.68,0.1,56
23-Jul-07,14.68,0.1,57
24-Jul-07,14.94,0.1,54
25-Jul-07,14.94,0.46,55
26-Jul-07,14.94,0.22,56
27-Jul-07,15.08,0.22,58
28-Jul-07,15.08,0.22,60
29-Jul-07,15.08,-9999,59
30-Jul-07,15.08,0.22,60
31-Jul-07,15.08,0.1,58
1-Aug-07,15.08,0.1,57
2-Aug-07,15.08,0.1,60
3-Aug-07,15.08,0.1,57
4-Aug-07,15.08,0.22,54
5-Aug-07,15.08,0.22,51
6-Aug-07,15.08,0.1,47
7-Aug-07,15.08,0.1,48
8-Aug-07,15.22,0.22,52
9-Aug-07,15.22,0.1,51
10-Aug-07,15.36,0.1,52
11-Aug-07,15.36,0.1,51
12-Aug-07,15.36,0.1,52
13-Aug-07,15.36,0.1,56
14-Aug-07,15.36,0.1,58
15-Aug-07,15.36,0,58
16-Aug-07,15.36,0,55
17-Aug-07,15.36,0,53
18-Aug-07,15.36,0,51
19-Aug-07,15.36,0,49
20-Aug-07,15.5,0,51
21-Aug-07,15.5,0,58
22-Aug-07,15.5,0,58
23-Aug-07,15.5,0,57
24-Aug-07,15.5,0.1,60
25-Aug-07,15.5,0.1,58
26-Aug-07,15.5,0.1,57
27-Aug-07,15.5,0.1,54
28-Aug-07,15.5,0,51
29-Aug-07,15.5,0.1,54
30-Aug-07,15.9,0.1,51
31-Aug-07,16.03,0.58,53
1-Sep-07,16.03,0.58,55
2-Sep-07,16.03,0.46,56
3-Sep-07,16.03,0.34,56
4-Sep-07,16.03,0.1,50
5-Sep-07,16.03,0,50
6-Sep-07,16.03,0.1,53
7-Sep-07,16.03,0.1,53
8-Sep-07,16.03,0,52
9-Sep-07,16.16,0.1,50
10-Sep-07,16.16,0.1,49
11-Sep-07,16.16,0.1,51
12-Sep-07,16.16,0.1,53
13-Sep-07,16.16,0.22,51
14-Sep-07,16.16,0.1,40
15-Sep-07,16.16,0.1,40
16-Sep-07,16.16,0.1,42
17-Sep-07,16.16,0,40
18-Sep-07,16.16,0,42
19-Sep-07,16.16,0,36
20-Sep-07,16.29,0,35
21-Sep-07,16.43,0.22,43
22-Sep-07,16.43,0.1,34
23-Sep-07,16.43,0.1,33
24-Sep-07,16.43,0,36
25-Sep-07,16.43,0,41
26-Sep-07,16.43,0,44
27-Sep-07,16.43,0,42
28-Sep-07,16.43,0,38
29-Sep-07,16.43,0,37
30-Sep-07,16.43,0,44
1-Oct-07,0,0,43
2-Oct-07,0,0,42
3-Oct-07,0,0,42
4-Oct-07,0,0,39
5-Oct-07,0.14,0,24
6-Oct-07,0.14,0.1,27
7-Oct-07,0.27,0.22,41
8-Oct-07,0.27,0.1,40
9-Oct-07,0.27,0.1,40
10-Oct-07,0.4,0.1,38
11-Oct-07,0.4,0,39
12-Oct-07,0.4,0,34
13-Oct-07,0.4,0,37
14-Oct-07,0.4,0,37
15-Oct-07,0.4,0,34
16-Oct-07,0.4,0,30
17-Oct-07,0.4,0,31
18-Oct-07,0.4,0,37
19-Oct-07,0.53,0,39
20-Oct-07,0.53,0,34
21-Oct-07,0.53,0,39
22-Oct-07,0.67,0,47
23-Oct-07,0.67,0,50
24-Oct-07,0.67,0,46
25-Oct-07,0.67,0,40
26-Oct-07,0.67,0,38
27-Oct-07,0.67,0,42
28-Oct-07,0.81,0,42
29-Oct-07,0.81,0,36
30-Oct-07,0.81,0,34
31-Oct-07,0.81,0,35
1-Nov-07,0.81,0,35
2-Nov-07,0.81,0,35
3-Nov-07,0.81,0,38
4-Nov-07,0.81,0,35
5-Nov-07,0.81,0,35
6-Nov-07,0.81,0,36
7-Nov-07,0.81,0,37
8-Nov-07,0.81,0,36
9-Nov-07,0.81,0,38
10-Nov-07,0.81,0,36
11-Nov-07,1.21,0.1,32
12-Nov-07,1.21,0.22,32
13-Nov-07,1.21,0.22,36
14-Nov-07,1.21,0.22,37
15-Nov-07,1.21,0.1,35
16-Nov-07,1.21,0.1,36
17-Nov-07,1.21,0.1,34
18-Nov-07,1.21,0,34
19-Nov-07,1.21,0,31
20-Nov-07,1.21,0,29
21-Nov-07,1.21,0,30
22-Nov-07,1.21,0,24
23-Nov-07,1.21,0,25
24-Nov-07,1.21,0,32
25-Nov-07,1.21,0,29
26-Nov-07,1.21,0,30
27-Nov-07,1.21,0,29
28-Nov-07,1.21,0,30
29-Nov-07,1.21,0,31
30-Nov-07,1.21,0,26
1-Dec-07,1.21,0,10
2-Dec-07,1.21,0,21
3-Dec-07,1.35,0,39
4-Dec-07,1.35,0,35
5-Dec-07,1.35,0,32
6-Dec-07,2.28,0,29
7-Dec-07,3.08,1.42,23
8-Dec-07,3.08,1.66,14
9-Dec-07,3.08,1.66,18
10-Dec-07,3.08,1.66,16
11-Dec-07,3.08,1.66,14
12-Dec-07,3.08,1.54,15
13-Dec-07,3.08,1.54,17
14-Dec-07,3.08,1.54,18
15-Dec-07,3.21,1.66,23
16-Dec-07,3.21,1.54,18
17-Dec-07,3.21,1.66,24
18-Dec-07,4.41,1.78,24
19-Dec-07,4.41,2.74,20
20-Dec-07,5.08,3.22,16
21-Dec-07,5.08,3.82,11
22-Dec-07,5.08,3.82,19
23-Dec-07,5.61,3.82,25
24-Dec-07,5.61,3.94,24
25-Dec-07,5.61,3.94,23
26-Dec-07,5.61,3.94,12
27-Dec-07,5.61,3.94,12
28-Dec-07,6.01,4.06,20
29-Dec-07,6.14,4.18,23
30-Dec-07,6.14,4.3,15
31-Dec-07,6.14,4.3,18
1-Jan-08,6.27,4.3,24
2-Jan-08,6.27,4.3,21
3-Jan-08,6.27,4.3,30
4-Jan-08,9.2,4.54,27
5-Jan-08,9.87,8.26,17
6-Jan-08,10.54,9.82,13
7-Jan-08,10.54,9.94,8
8-Jan-08,11.34,9.94,21
9-Jan-08,11.34,10.78,17
10-Jan-08,11.74,11.02,27
11-Jan-08,11.74,11.26,18
12-Jan-08,11.74,11.26,23
13-Jan-08,11.74,11.26,19
14-Jan-08,11.74,11.26,22
15-Jan-08,11.74,11.26,21
16-Jan-08,11.74,11.26,17
17-Jan-08,11.88,11.26,26
18-Jan-08,11.88,11.26,27
19-Jan-08,11.88,11.26,19
20-Jan-08,11.88,11.14,12
21-Jan-08,11.88,11.14,8
22-Jan-08,11.88,11.14,14
23-Jan-08,12.02,11.26,19
24-Jan-08,12.28,11.38,15
25-Jan-08,12.42,11.5,22
26-Jan-08,12.42,11.62,23
27-Jan-08,14.42,11.98,24
28-Jan-08,14.68,14.14,7
29-Jan-08,14.82,14.14,10
30-Jan-08,14.82,14.5,13
31-Jan-08,15.08,14.62,21
1-Feb-08,15.22,15.22,19
2-Feb-08,15.48,15.22,18
3-Feb-08,15.88,16.18,16
4-Feb-08,15.88,16.66,10
5-Feb-08,15.88,16.54,20
6-Feb-08,15.88,16.66,23
7-Feb-08,16.28,16.66,23
8-Feb-08,16.42,16.78,25
9-Feb-08,16.42,16.9,27
10-Feb-08,16.42,16.78,26
11-Feb-08,16.55,16.78,30
12-Feb-08,16.55,16.78,33
13-Feb-08,16.55,16.66,24
14-Feb-08,16.55,16.54,17
15-Feb-08,16.55,16.54,35
16-Feb-08,16.55,16.42,29
17-Feb-08,16.55,16.06,30
18-Feb-08,16.55,15.7,29
19-Feb-08,16.55,15.82,26
20-Feb-08,16.68,15.7,23
21-Feb-08,16.82,15.82,20
22-Feb-08,17.48,16.42,19
23-Feb-08,18.55,17.14,16
24-Feb-08,19.35,18.82,23
25-Feb-08,20.15,19.9,23
26-Feb-08,20.28,20.02,29
27-Feb-08,20.28,19.9,32
28-Feb-08,20.28,19.42,36
29-Feb-08,20.28,18.46,34
1-Mar-08,20.28,19.42,30
2-Mar-08,20.28,19.78,26
3-Mar-08,20.28,19.9,29
4-Mar-08,20.28,20.02,28
5-Mar-08,20.28,19.9,24
6-Mar-08,20.28,20.02,26
7-Mar-08,20.42,20.02,31
8-Mar-08,20.42,20.02,30
9-Mar-08,20.42,20.02,30
10-Mar-08,20.42,19.78,34
11-Mar-08,20.42,19.3,34
12-Mar-08,20.42,19.78,34
13-Mar-08,20.55,19.54,32
14-Mar-08,20.55,19.66,20
15-Mar-08,20.55,19.9,16
16-Mar-08,20.55,19.66,16
17-Mar-08,20.82,19.42,34
18-Mar-08,20.82,18.7,32
19-Mar-08,20.82,18.7,29
20-Mar-08,20.82,18.58,26
21-Mar-08,20.82,18.46,28
22-Mar-08,20.82,18.22,33
23-Mar-08,20.82,18.22,33
24-Mar-08,20.82,18.1,30
25-Mar-08,20.82,17.62,30
26-Mar-08,20.82,17.26,33
27-Mar-08,20.82,17.38,29
28-Mar-08,20.82,17.26,30
29-Mar-08,20.95,16.9,31
30-Mar-08,21.08,16.9,24
31-Mar-08,21.08,17.14,22
1-Apr-08,21.08,17.14,26
2-Apr-08,21.08,16.18,26
3-Apr-08,21.21,16.78,31
4-Apr-08,21.21,15.94,29
5-Apr-08,21.34,15.7,29
6-Apr-08,21.34,15.46,31
7-Apr-08,21.34,15.22,25
8-Apr-08,21.34,14.38,23
9-Apr-08,21.34,14.62,24
10-Apr-08,21.47,13.66,33
11-Apr-08,21.47,13.66,40
12-Apr-08,21.61,13.3,39
13-Apr-08,21.61,12.82,40
14-Apr-08,21.61,12.34,37
15-Apr-08,21.61,11.14,30
16-Apr-08,21.61,10.54,33
17-Apr-08,21.61,9.82,38
18-Apr-08,21.61,9.22,36
19-Apr-08,21.61,8.5,32
20-Apr-08,21.61,7.9,26
21-Apr-08,21.61,7.3,25
22-Apr-08,21.61,6.7,31
23-Apr-08,21.75,6.1,30
24-Apr-08,21.75,5.98,30
25-Apr-08,21.75,5.02,35
26-Apr-08,21.88,4.54,43
27-Apr-08,21.88,3.94,43
28-Apr-08,21.88,3.34,41
29-Apr-08,21.88,2.86,38
30-Apr-08,21.88,2.02,31
1-May-08,21.88,0.94,34
2-May-08,21.88,0.7,38
3-May-08,21.88,0.7,36
4-May-08,21.88,0.58,36
5-May-08,22.01,0.58,39
6-May-08,22.01,0.58,40
7-May-08,22.01,0.46,39
8-May-08,22.01,0.46,37
9-May-08,22.01,0.34,37
10-May-08,22.01,0.34,41
11-May-08,22.01,0.34,40
12-May-08,22.01,0.22,36
13-May-08,22.01,0.22,41
14-May-08,22.14,0.22,49
15-May-08,22.14,0.34,53
16-May-08,22.14,0.34,54
17-May-08,22.14,0.34,53
18-May-08,22.28,0.34,53
19-May-08,22.28,0.34,52
20-May-08,22.28,0.34,47
21-May-08,22.28,0.34,37
22-May-08,22.28,0.22,30
23-May-08,22.28,0.22,31
24-May-08,22.41,0.22,31
25-May-08,22.81,0.46,31
26-May-08,23.08,0.82,34
27-May-08,23.08,0.82,35
28-May-08,23.08,0.7,33
29-May-08,23.21,0.7,35
30-May-08,23.34,0.7,42
31-May-08,23.34,0.58,43
1-Jun-08,23.34,0.34,42
2-Jun-08,23.34,0.22,43
3-Jun-08,23.34,0.34,43
4-Jun-08,23.34,0.22,39
5-Jun-08,23.34,0.22,43
6-Jun-08,23.34,0.22,44
7-Jun-08,23.34,0.22,43
8-Jun-08,23.34,0,47
9-Jun-08,23.48,0.1,51
10-Jun-08,23.48,0.1,46
11-Jun-08,23.48,0.1,44
12-Jun-08,23.48,0.1,51
13-Jun-08,23.48,0.22,52
14-Jun-08,23.48,0.22,52
15-Jun-08,23.48,0,52
16-Jun-08,23.48,0.1,52
17-Jun-08,23.48,0.1,51
18-Jun-08,23.48,0.1,50
19-Jun-08,23.48,0.1,51
20-Jun-08,23.48,0.1,52
21-Jun-08,23.48,0.22,51
22-Jun-08,23.48,0.22,51
23-Jun-08,23.48,0,51
24-Jun-08,23.48,0,54
25-Jun-08,23.61,0.1,54
26-Jun-08,23.61,0.1,51
27-Jun-08,23.74,0.1,54
28-Jun-08,23.74,0.1,54
29-Jun-08,23.74,0.1,56
30-Jun-08,23.74,0.1,53
1-Jul-08,23.74,0.1,53
2-Jul-08,23.74,0.22,56
3-Jul-08,23.74,0.22,56
4-Jul-08,23.74,0.22,52
5-Jul-08,23.74,0.22,54
6-Jul-08,23.74,0.22,57
7-Jul-08,23.74,0.22,59
8-Jul-08,23.74,0.22,59
9-Jul-08,23.74,0.22,60
10-Jul-08,23.74,0.34,60
11-Jul-08,23.74,0.34,57
12-Jul-08,23.74,0,56
13-Jul-08,24.14,0,53
14-Jul-08,25.21,0.34,52
15-Jul-08,25.21,0.7,57
16-Jul-08,25.34,0.58,57
17-Jul-08,25.34,0.58,54
18-Jul-08,25.34,0.46,57
19-Jul-08,25.34,0.46,58
20-Jul-08,25.34,0.46,54
21-Jul-08,25.34,0.46,54
22-Jul-08,25.34,0.46,53
23-Jul-08,25.34,0.46,56
24-Jul-08,25.34,0.22,57
25-Jul-08,25.34,0.22,56
26-Jul-08,25.34,0.22,55
27-Jul-08,25.34,0.22,54
28-Jul-08,25.34,0.22,55
29-Jul-08,25.34,0.34,54
30-Jul-08,25.34,0.34,53
31-Jul-08,25.34,0.34,54
1-Aug-08,25.34,0.22,54
2-Aug-08,25.34,0.22,54
3-Aug-08,25.34,0.22,52
4-Aug-08,25.34,0.22,54
5-Aug-08,25.34,0.58,58
6-Aug-08,25.34,0.46,58
7-Aug-08,25.34,0.34,57
8-Aug-08,25.34,0.34,53
9-Aug-08,25.34,0.34,51
10-Aug-08,25.34,0.1,51
11-Aug-08,25.34,0.1,56
12-Aug-08,25.34,0.22,56
13-Aug-08,25.34,0.22,57
14-Aug-08,25.34,0.22,59
15-Aug-08,25.34,0.34,60
16-Aug-08,25.34,0.34,58
17-Aug-08,25.34,0.34,53
18-Aug-08,25.34,0.34,51
19-Aug-08,25.34,0.34,47
20-Aug-08,25.34,0.34,52
21-Aug-08,25.34,0.34,56
22-Aug-08,25.34,0.34,57
23-Aug-08,25.34,0.34,57
24-Aug-08,25.34,0.22,57
25-Aug-08,25.34,0.22,53
26-Aug-08,25.34,0.22,52
27-Aug-08,25.34,0.34,58
28-Aug-08,25.34,0.22,60
29-Aug-08,25.34,0.22,61
30-Aug-08,25.34,0.22,55
31-Aug-08,25.34,0.22,51
1-Sep-08,25.34,0.22,46
2-Sep-08,25.34,0.22,48
3-Sep-08,25.48,0.22,50
4-Sep-08,25.48,0.22,52
5-Sep-08,25.48,0.22,54
6-Sep-08,25.48,0.22,55
7-Sep-08,25.48,0.34,53
8-Sep-08,25.48,0.34,52
9-Sep-08,25.48,0.34,48
10-Sep-08,25.48,0.34,44
11-Sep-08,25.48,0.34,47
12-Sep-08,25.48,0.34,48
13-Sep-08,25.48,0.34,50
14-Sep-08,25.48,0.34,51
15-Sep-08,25.48,0.34,50
16-Sep-08,25.48,0.34,47
17-Sep-08,25.48,0.22,47
18-Sep-08,25.48,0.22,45
19-Sep-08,25.48,0.22,44
20-Sep-08,25.48,0.22,42
21-Sep-08,25.48,0.22,41
22-Sep-08,25.48,0.1,41
23-Sep-08,25.48,0.22,45
24-Sep-08,25.48,0.22,45
25-Sep-08,25.48,0.22,46
26-Sep-08,25.48,0.22,46
27-Sep-08,25.48,0.22,47
28-Sep-08,25.48,0.22,47
29-Sep-08,25.48,0.22,44
30-Sep-08,25.48,0.22,47
1-Oct-08,0,0.22,48
2-Oct-08,0,0.22,46
3-Oct-08,0,0.22,40
4-Oct-08,0.4,0.46,35
5-Oct-08,0.54,0.58,37
6-Oct-08,0.54,0.58,42
7-Oct-08,0.54,0.7,44
8-Oct-08,0.54,0.58,43
9-Oct-08,0.54,0.46,34
10-Oct-08,0.54,0.34,22
11-Oct-08,0.54,0.34,20
12-Oct-08,0.54,0.46,26
13-Oct-08,0.68,0.34,38
14-Oct-08,0.68,0.34,41
15-Oct-08,0.68,0.34,39
16-Oct-08,0.68,0.34,41
17-Oct-08,0.81,0.34,40
18-Oct-08,0.81,0.34,36
19-Oct-08,0.81,0.34,35
20-Oct-08,0.81,0.22,36
21-Oct-08,0.81,0.22,41
22-Oct-08,0.81,0.34,42
23-Oct-08,0.94,0.22,40
24-Oct-08,0.94,0.22,41
25-Oct-08,0.94,0.22,42
26-Oct-08,1.07,0.22,42
27-Oct-08,1.07,0.22,40
28-Oct-08,1.07,0.02,40
29-Oct-08,1.07,0.02,37
30-Oct-08,1.2,0.02,37
31-Oct-08,2,0.02,35
1-Nov-08,4.13,0.62,36
2-Nov-08,4.8,0.86,30
3-Nov-08,4.93,0.98,26
4-Nov-08,4.93,1.1,23
5-Nov-08,4.93,1.1,25
6-Nov-08,5.07,1.1,34
7-Nov-08,5.07,1.22,35
8-Nov-08,5.47,0.98,32
9-Nov-08,5.6,1.22,26
10-Nov-08,5.6,1.22,23
11-Nov-08,5.6,1.22,30
12-Nov-08,5.73,1.22,36
13-Nov-08,5.73,1.22,37
14-Nov-08,5.73,1.22,44
15-Nov-08,5.73,0.86,44
16-Nov-08,5.73,0.74,38
17-Nov-08,5.73,0.5,38
18-Nov-08,5.73,0.5,35
19-Nov-08,5.73,0.38,33
20-Nov-08,5.73,0.5,31
21-Nov-08,5.73,0.5,30
22-Nov-08,5.73,0.26,30
23-Nov-08,5.73,0.26,30
24-Nov-08,5.73,0.38,31
25-Nov-08,5.73,0.26,33
26-Nov-08,6,0.26,29
27-Nov-08,6,0.38,27
28-Nov-08,6,0.5,33
29-Nov-08,6.13,0.62,39
30-Nov-08,6.13,0.38,38
1-Dec-08,6.13,0.62,35
2-Dec-08,6.13,0.5,32
3-Dec-08,6.13,0.62,30
4-Dec-08,6.13,0.5,29
5-Dec-08,6.13,0.74,29
6-Dec-08,6.13,0.5,29
7-Dec-08,6.13,0.5,29
8-Dec-08,6.13,0.5,27
9-Dec-08,6.13,0.74,36
10-Dec-08,6.13,0.74,35
11-Dec-08,6.13,0.74,32
12-Dec-08,6.13,0.62,31
13-Dec-08,6.26,0.74,16
14-Dec-08,6.53,0.74,12
15-Dec-08,7.33,1.22,13
16-Dec-08,7.46,2.3,5
17-Dec-08,7.46,2.18,3
18-Dec-08,7.46,2.18,6
19-Dec-08,7.59,2.18,15
20-Dec-08,7.59,2.18,17
21-Dec-08,7.99,2.3,26
22-Dec-08,8.39,3.14,19
23-Dec-08,8.39,3.38,14
24-Dec-08,8.79,3.38,23
25-Dec-08,9.85,4.22,16
26-Dec-08,9.85,5.3,7
27-Dec-08,9.85,5.3,16
28-Dec-08,10.12,5.3,22
29-Dec-08,10.12,5.3,23
30-Dec-08,10.12,5.18,17
31-Dec-08,10.12,5.06,19
1-Jan-09,10.12,5.06,25
2-Jan-09,10.39,5.18,24
3-Jan-09,10.39,5.3,4
4-Jan-09,10.39,5.18,7
5-Jan-09,10.66,5.3,21
6-Jan-09,10.79,5.42,26
7-Jan-09,10.79,5.54,27
8-Jan-09,10.79,5.54,25
9-Jan-09,10.79,5.66,21
10-Jan-09,10.79,5.66,28
11-Jan-09,10.93,5.78,36
12-Jan-09,10.93,5.78,35
13-Jan-09,10.93,5.9,31
14-Jan-09,10.93,5.78,29
15-Jan-09,10.93,5.78,28
16-Jan-09,10.93,5.78,30
17-Jan-09,10.93,5.78,28
18-Jan-09,10.93,5.78,26
19-Jan-09,10.93,5.78,27
20-Jan-09,10.93,5.9,29
21-Jan-09,10.93,5.9,33
22-Jan-09,12.13,5.9,33
23-Jan-09,12.66,7.22,34
24-Jan-09,13.86,7.94,28
25-Jan-09,14.13,8.66,16
26-Jan-09,14.13,8.66,7
27-Jan-09,14.13,8.54,16
28-Jan-09,14.27,8.54,22
29-Jan-09,14.27,8.54,25
30-Jan-09,14.27,8.42,27
31-Jan-09,14.27,8.3,25
1-Feb-09,14.27,8.18,27
2-Feb-09,14.4,7.94,31
3-Feb-09,14.4,7.82,31
4-Feb-09,14.4,7.7,30
5-Feb-09,14.4,7.58,27
6-Feb-09,14.93,7.58,25
7-Feb-09,15.47,8.06,23
8-Feb-09,15.47,7.7,19
9-Feb-09,16,8.06,10
10-Feb-09,16,7.82,11
11-Feb-09,16.53,7.82,18
12-Feb-09,16.53,7.7,13
13-Feb-09,16.53,7.34,10
14-Feb-09,17.2,7.34,18
15-Feb-09,17.2,7.34,23
16-Feb-09,18,7.34,20
17-Feb-09,18.93,7.94,18
18-Feb-09,18.93,8.18,17
19-Feb-09,19.06,8.18,21
20-Feb-09,19.06,8.06,23
21-Feb-09,19.06,7.82,27
22-Feb-09,19.86,7.7,30
23-Feb-09,20.4,8.06,31
24-Feb-09,20.4,8.3,27
25-Feb-09,20.4,8.18,25
26-Feb-09,20.4,8.18,26
27-Feb-09,20.4,8.18,24
28-Feb-09,20.4,8.18,34
1-Mar-09,20.93,8.42,37
2-Mar-09,21.99,9.14,31
3-Mar-09,22.26,9.86,24
4-Mar-09,23.06,10.82,19
5-Mar-09,23.06,11.42,12
6-Mar-09,23.06,11.54,13
7-Mar-09,23.19,11.42,17
8-Mar-09,23.33,11.54,20
9-Mar-09,23.33,11.54,15
10-Mar-09,23.33,11.3,19
11-Mar-09,23.33,11.3,21
12-Mar-09,23.33,11.54,27
13-Mar-09,23.33,11.42,26
14-Mar-09,23.33,11.18,25
15-Mar-09,23.46,11.18,31
16-Mar-09,23.46,11.3,36
17-Mar-09,23.46,10.94,32
18-Mar-09,23.46,11.3,35
19-Mar-09,23.46,11.42,35
20-Mar-09,23.46,11.54,33
21-Mar-09,24.13,11.54,26
22-Mar-09,24.93,12.38,15
23-Mar-09,25.19,13.34,17
24-Mar-09,25.33,13.82,26
25-Mar-09,25.33,13.7,29
26-Mar-09,25.46,13.7,34
27-Mar-09,25.46,13.58,36
28-Mar-09,25.59,13.22,35
29-Mar-09,25.59,12.86,29
30-Mar-09,25.59,12.74,31
31-Mar-09,25.59,12.5,32
1-Apr-09,25.72,12.02,35
2-Apr-09,25.72,11.9,30
3-Apr-09,25.72,11.3,22
4-Apr-09,25.72,11.42,25
5-Apr-09,25.85,10.7,30
6-Apr-09,25.85,10.46,34
7-Apr-09,25.99,9.98,31
8-Apr-09,25.99,9.86,22
9-Apr-09,26.25,10.1,25
10-Apr-09,26.39,10.22,26
11-Apr-09,26.52,10.34,26
12-Apr-09,26.52,10.22,34
13-Apr-09,26.52,9.86,35
14-Apr-09,26.52,9.38,22
15-Apr-09,26.52,9.5,18
16-Apr-09,26.65,9.38,27
17-Apr-09,26.79,9.02,37
18-Apr-09,26.79,8.66,40
19-Apr-09,26.92,8.06,42
20-Apr-09,26.92,7.34,43
21-Apr-09,27.05,6.74,44
22-Apr-09,27.05,6.02,44
23-Apr-09,27.05,5.18,38
24-Apr-09,27.32,4.46,25
25-Apr-09,27.45,4.7,25
26-Apr-09,27.58,4.58,32
27-Apr-09,27.58,4.22,34
28-Apr-09,27.58,3.38,31
29-Apr-09,27.58,2.42,33
30-Apr-09,27.72,1.82,38
1-May-09,27.85,1.1,37
2-May-09,28.78,1.1,36
3-May-09,29.05,1.34,34
4-May-09,29.05,1.1,37
5-May-09,29.18,0.62,39
6-May-09,29.18,0,39
7-May-09,29.32,0,41
8-May-09,29.32,0,43
9-May-09,29.32,0,43
10-May-09,29.32,0,44
11-May-09,29.32,0,43
12-May-09,29.32,0,40
13-May-09,29.32,0,42
14-May-09,29.32,0,44
15-May-09,29.32,0,48
16-May-09,29.45,0,51
17-May-09,29.45,0,52
18-May-09,29.45,0,49
19-May-09,29.45,0,47
20-May-09,29.45,0,45
21-May-09,29.45,0,47
22-May-09,29.45,0,47
23-May-09,29.45,0,46
24-May-09,29.45,0,44
25-May-09,29.45,0,46
26-May-09,29.58,0,46
27-May-09,29.58,0,46
28-May-09,29.58,0,46
29-May-09,29.58,0,48
30-May-09,29.71,0,46
31-May-09,29.84,0,46
1-Jun-09,29.84,0,45
2-Jun-09,29.84,0,44
3-Jun-09,29.84,0,42
4-Jun-09,29.84,0,41
5-Jun-09,29.84,0,33
6-Jun-09,29.84,0,34
7-Jun-09,29.84,0,43
8-Jun-09,30.11,0,41
9-Jun-09,30.38,0,43
10-Jun-09,30.38,0,38
11-Jun-09,30.38,0,39
12-Jun-09,30.38,0,42
13-Jun-09,30.38,0,40
14-Jun-09,30.38,0,40
15-Jun-09,30.51,0,41
16-Jun-09,30.91,0,45
17-Jun-09,31.04,0,48
18-Jun-09,31.04,0,51
19-Jun-09,31.04,0,51
20-Jun-09,31.04,0,43
21-Jun-09,31.04,0,41
22-Jun-09,31.04,0,50
23-Jun-09,31.04,0,53
24-Jun-09,31.04,0,54
25-Jun-09,31.04,0,52
26-Jun-09,31.04,0,52
27-Jun-09,31.04,0,56
28-Jun-09,31.04,0,58
29-Jun-09,31.04,0,55
30-Jun-09,31.04,0,51
1-Jul-09,31.04,0,54
2-Jul-09,31.04,0,54
3-Jul-09,31.04,0,52
4-Jul-09,31.04,0,52
5-Jul-09,31.04,0,51
6-Jul-09,31.04,0,50
7-Jul-09,31.04,0,48
8-Jul-09,31.04,0,47
9-Jul-09,31.04,0,48
10-Jul-09,31.04,0,51
11-Jul-09,31.04,0,55
12-Jul-09,31.04,0,54
13-Jul-09,31.04,0,55
14-Jul-09,31.04,0,58
15-Jul-09,31.04,0,57
16-Jul-09,31.04,-9999,58
17-Jul-09,31.04,0.02,58
18-Jul-09,31.04,0,60
19-Jul-09,31.04,0.02,61
20-Jul-09,31.04,0,59
21-Jul-09,31.04,0,58
22-Jul-09,31.04,0,59
23-Jul-09,31.04,0,62
24-Jul-09,31.04,0,58
25-Jul-09,31.04,0,59
26-Jul-09,31.04,0,60
27-Jul-09,31.04,0,59
28-Jul-09,31.04,0.02,56
29-Jul-09,31.04,0.14,54
30-Jul-09,31.04,0.02,56
31-Jul-09,31.17,0.02,56
1-Aug-09,31.17,0.14,55
2-Aug-09,31.17,0.14,54
3-Aug-09,31.17,0.02,51
4-Aug-09,31.17,0.02,55
5-Aug-09,31.17,0,56
6-Aug-09,31.17,0,42
7-Aug-09,31.17,0,40
8-Aug-09,31.3,0,48
9-Aug-09,31.3,0,52
10-Aug-09,31.3,0,52
11-Aug-09,31.3,0.02,54
12-Aug-09,31.3,0.02,54
13-Aug-09,31.3,0,52
14-Aug-09,31.3,0,47
15-Aug-09,31.3,0,47
16-Aug-09,31.3,0,51
17-Aug-09,31.3,0,54
18-Aug-09,31.3,0,57
19-Aug-09,31.3,0,58
20-Aug-09,31.3,0,58
21-Aug-09,31.3,0.02,59
22-Aug-09,31.3,0.02,54
23-Aug-09,31.57,0.14,47
24-Aug-09,31.7,0.38,48
25-Aug-09,31.7,0.26,50
26-Aug-09,31.7,0.14,51
27-Aug-09,31.7,0.26,52
28-Aug-09,31.7,0.26,53
29-Aug-09,31.7,0.14,55
30-Aug-09,31.7,0.14,51
31-Aug-09,31.7,0.14,50
1-Sep-09,31.7,0.14,50
2-Sep-09,31.7,0.14,52
3-Sep-09,31.7,0.14,53
4-Sep-09,31.7,0.14,52
5-Sep-09,31.7,0.14,48
6-Sep-09,31.7,0.14,47
7-Sep-09,31.7,0.14,48
8-Sep-09,31.7,0.14,50
9-Sep-09,31.7,0.14,52
10-Sep-09,31.7,0.14,53
11-Sep-09,31.7,0.14,54
12-Sep-09,31.7,0.14,53
13-Sep-09,31.7,0.02,47
14-Sep-09,31.7,0.02,40
15-Sep-09,31.7,0.02,48
16-Sep-09,31.7,0.02,51
17-Sep-09,31.7,0,52
18-Sep-09,31.7,0.02,54
19-Sep-09,31.7,0.02,50
20-Sep-09,31.7,0.02,50
21-Sep-09,31.7,0.02,54
22-Sep-09,31.7,0.02,51
23-Sep-09,31.7,0.02,52
24-Sep-09,31.7,0.02,51
25-Sep-09,31.7,0.02,52
26-Sep-09,31.7,0.02,52
27-Sep-09,31.7,0.02,52
28-Sep-09,31.7,0.02,47
29-Sep-09,31.7,0.02,37
30-Sep-09,31.7,0.02,33
1-Oct-09,0.13,0.02,39
2-Oct-09,0.13,0.02,38
3-Oct-09,0.13,0.02,40
4-Oct-09,0.13,0.02,23
5-Oct-09,0.26,0.14,26
6-Oct-09,0.26,0.26,33
7-Oct-09,0.26,0.14,34
8-Oct-09,0.26,0.14,36
9-Oct-09,0.26,0.14,39
10-Oct-09,0.26,0.14,41
11-Oct-09,0.26,0.14,37
12-Oct-09,0.26,0.14,34
13-Oct-09,4.53,0.14,31
14-Oct-09,5.73,2.66,39
15-Oct-09,5.73,1.58,43
16-Oct-09,5.73,0.74,44
17-Oct-09,5.73,0.62,43
18-Oct-09,5.86,0.5,41
19-Oct-09,5.86,0.5,32
20-Oct-09,5.86,0.5,34
21-Oct-09,6,0.5,39
22-Oct-09,6,0.38,40
23-Oct-09,6,0.5,40
24-Oct-09,6,0.38,39
25-Oct-09,6,0.38,39
26-Oct-09,6,0.26,40
27-Oct-09,6,0.26,28
28-Oct-09,6,0.14,20
29-Oct-09,6.14,0.26,32
30-Oct-09,6.14,0.26,38
31-Oct-09,6.14,0.14,39
1-Nov-09,6.14,0.14,39
2-Nov-09,6.14,0.14,39
3-Nov-09,6.14,0.14,40
4-Nov-09,6.14,0.14,39
5-Nov-09,6.14,0.14,38
6-Nov-09,6.14,0.14,31
7-Nov-09,6.14,0.14,28
8-Nov-09,6.14,0.14,27
9-Nov-09,6.14,0.26,29
10-Nov-09,6.14,0.14,33
11-Nov-09,6.14,0.14,35
12-Nov-09,6.41,0.14,27
13-Nov-09,6.41,0.38,19
14-Nov-09,6.41,0.38,22
15-Nov-09,6.41,0.62,30
16-Nov-09,6.41,1.1,31
17-Nov-09,6.41,0.62,31
18-Nov-09,6.41,0.5,29
19-Nov-09,6.41,0.5,30
20-Nov-09,6.41,0.5,30
21-Nov-09,6.41,0.38,28
22-Nov-09,6.54,0.5,28
23-Nov-09,6.54,0.5,32
24-Nov-09,6.54,0.38,34
25-Nov-09,6.54,0.5,34
26-Nov-09,6.54,0.38,30
27-Nov-09,6.81,0.5,27
28-Nov-09,7.21,0.86,22
29-Nov-09,7.21,1.1,26
30-Nov-09,7.21,0.98,26
1-Dec-09,7.21,0.98,25
2-Dec-09,7.21,0.86,22
3-Dec-09,7.21,0.98,23
4-Dec-09,7.21,1.34,24
5-Dec-09,7.21,1.46,18
6-Dec-09,7.21,1.34,11
7-Dec-09,7.75,1.58,11
8-Dec-09,7.75,2.06,0
9-Dec-09,7.75,2.06,6
10-Dec-09,7.88,2.06,22
11-Dec-09,8.41,2.3,27
12-Dec-09,10.01,2.78,25
13-Dec-09,10.55,4.94,21
14-Dec-09,10.55,5.18,12
15-Dec-09,10.55,5.18,19
16-Dec-09,10.55,5.18,24
17-Dec-09,10.55,5.18,23
18-Dec-09,10.55,5.18,24
19-Dec-09,10.55,5.18,23
20-Dec-09,10.55,5.18,22
21-Dec-09,10.95,5.18,22
22-Dec-09,10.95,5.78,13
23-Dec-09,11.08,5.9,25
24-Dec-09,11.08,5.9,25
25-Dec-09,11.08,5.9,24
26-Dec-09,11.08,5.9,18
27-Dec-09,11.08,5.9,18
28-Dec-09,11.08,5.9,16
29-Dec-09,11.35,5.9,23
30-Dec-09,11.35,6.14,19
31-Dec-09,11.88,6.38,25
1-Jan-10,11.88,6.38,22
2-Jan-10,11.88,6.38,19
3-Jan-10,11.88,6.38,24
4-Jan-10,11.88,6.38,22
5-Jan-10,11.88,6.26,24
6-Jan-10,12.01,6.26,28
7-Jan-10,12.01,6.38,31
8-Jan-10,12.15,6.38,32
9-Jan-10,12.28,6.5,31
10-Jan-10,12.41,6.62,30
11-Jan-10,12.41,6.62,29
12-Jan-10,12.95,6.74,31
13-Jan-10,13.61,7.58,22
14-Jan-10,13.61,8.06,17
15-Jan-10,13.74,8.06,25
16-Jan-10,13.74,8.06,24
17-Jan-10,13.88,8.06,23
18-Jan-10,14.94,8.3,20
19-Jan-10,15.48,9.5,20
20-Jan-10,16.68,9.98,19
21-Jan-10,17.88,11.18,15
22-Jan-10,18.28,12.26,20
23-Jan-10,18.41,12.5,11
24-Jan-10,18.54,12.38,16
25-Jan-10,19.21,12.62,26
26-Jan-10,19.21,13.1,25
27-Jan-10,19.21,13.1,22
28-Jan-10,19.21,12.98,27
29-Jan-10,19.34,12.98,28
30-Jan-10,19.48,12.98,20
31-Jan-10,19.48,12.86,14
1-Feb-10,19.48,12.74,22
2-Feb-10,19.48,12.86,25
3-Feb-10,19.48,12.86,19
4-Feb-10,19.61,12.74,26
5-Feb-10,20.28,13.22,28
6-Feb-10,20.54,13.82,25
7-Feb-10,20.54,14.06,22
8-Feb-10,20.54,14.18,16
9-Feb-10,20.54,14.18,21
10-Feb-10,20.54,14.3,19
11-Feb-10,20.67,14.3,29
12-Feb-10,20.67,14.54,26
13-Feb-10,20.67,14.54,26
14-Feb-10,20.67,14.3,26
15-Feb-10,20.67,14.18,28
16-Feb-10,20.81,13.46,29
17-Feb-10,20.81,13.82,29
18-Feb-10,20.81,13.94,27
19-Feb-10,20.81,14.18,24
20-Feb-10,20.81,14.3,25
21-Feb-10,21.21,14.66,21
22-Feb-10,21.21,15.14,17
23-Feb-10,21.61,15.02,21
24-Feb-10,22.67,15.74,28
25-Feb-10,22.81,16.58,23
26-Feb-10,24.14,16.58,26
27-Feb-10,24.81,18.14,26
28-Feb-10,25.07,18.38,26
1-Mar-10,25.07,18.38,27
2-Mar-10,25.07,18.5,28
3-Mar-10,25.47,18.5,18
4-Mar-10,25.61,19.1,17
5-Mar-10,25.61,19.1,20
6-Mar-10,25.74,19.1,24
7-Mar-10,25.74,18.86,23
8-Mar-10,26.01,18.86,21
9-Mar-10,26.01,18.98,16
10-Mar-10,26.14,18.98,17
11-Mar-10,26.14,18.86,23
12-Mar-10,26.67,18.98,24
13-Mar-10,26.94,19.7,23
14-Mar-10,26.94,19.82,27
15-Mar-10,26.94,19.82,34
16-Mar-10,27.07,19.82,35
17-Mar-10,27.07,19.46,34
18-Mar-10,27.07,19.46,31
19-Mar-10,27.07,18.74,35
20-Mar-10,27.07,18.62,32
21-Mar-10,27.07,18.38,28
22-Mar-10,27.07,18.62,28
23-Mar-10,27.07,18.5,35
24-Mar-10,27.07,18.62,31
25-Mar-10,27.07,18.5,28
26-Mar-10,27.07,18.5,26
27-Mar-10,27.21,18.62,33
28-Mar-10,27.21,18.5,33
29-Mar-10,27.21,18.14,34
30-Mar-10,27.34,17.66,27
31-Mar-10,27.74,18.02,17
1-Apr-10,27.74,18.86,14
2-Apr-10,27.87,19.1,21
3-Apr-10,27.87,19.1,21
4-Apr-10,28.14,18.86,16
5-Apr-10,29.6,19.58,18
6-Apr-10,29.74,20.3,21
7-Apr-10,29.87,19.82,34
8-Apr-10,29.87,18.86,33
9-Apr-10,29.87,18.38,32
10-Apr-10,29.87,18.5,32
11-Apr-10,30.4,18.62,30
12-Apr-10,30.54,19.46,23
13-Apr-10,30.54,20.06,24
14-Apr-10,30.67,20.3,26
15-Apr-10,30.67,19.34,33
16-Apr-10,30.8,18.98,33
17-Apr-10,30.8,19.1,35
18-Apr-10,30.8,19.1,37
19-Apr-10,30.8,18.86,36
20-Apr-10,31.2,18.26,28
21-Apr-10,31.47,18.62,21
22-Apr-10,31.6,19.46,27
23-Apr-10,31.74,19.94,37
24-Apr-10,31.74,18.02,35
25-Apr-10,31.87,18.38,38
26-Apr-10,31.87,18.86,39
27-Apr-10,32,18.02,33
28-Apr-10,32.14,17.42,24
29-Apr-10,32.4,18.26,20
30-Apr-10,32.54,18.5,28
1-May-10,32.67,17.18,35
2-May-10,32.67,17.18,37
3-May-10,32.67,16.7,38
4-May-10,32.8,16.22,38
5-May-10,32.8,15.62,34
6-May-10,32.8,15.02,34
7-May-10,32.8,14.18,36
8-May-10,32.8,13.22,34
9-May-10,32.8,12.38,26
10-May-10,32.8,11.9,22
11-May-10,33.2,12.26,28
12-May-10,33.33,11.42,36
13-May-10,33.33,11.18,34
14-May-10,33.46,10.58,38
15-May-10,33.46,10.22,40
16-May-10,33.6,9.62,42
17-May-10,33.6,8.78,33
18-May-10,33.6,8.3,35
19-May-10,33.6,7.7,39
20-May-10,33.74,7.22,39
21-May-10,33.74,6.5,30
22-May-10,33.74,5.9,22
23-May-10,33.88,4.58,26
24-May-10,33.88,4.7,27
25-May-10,34.01,4.7,33
26-May-10,34.27,3.74,34
27-May-10,34.27,2.9,31
28-May-10,34.41,2.78,30
29-May-10,34.54,2.66,41
30-May-10,34.67,1.34,42
31-May-10,34.67,0.62,42
1-Jun-10,34.67,0.38,44
2-Jun-10,34.67,0.38,45
3-Jun-10,34.67,0.26,45
4-Jun-10,34.67,0.14,46
5-Jun-10,34.81,0.14,50
6-Jun-10,34.81,0.26,52
7-Jun-10,34.81,0.14,49
8-Jun-10,34.81,0.14,49
9-Jun-10,34.81,0,44
10-Jun-10,34.81,0,39
11-Jun-10,34.81,0,38
12-Jun-10,34.81,-9999,41
13-Jun-10,34.81,0,45
14-Jun-10,34.81,0,48
15-Jun-10,34.81,0,46
16-Jun-10,34.81,0,40
17-Jun-10,34.81,0,44
18-Jun-10,34.81,0,43
19-Jun-10,34.81,0,42
20-Jun-10,34.81,0,44
21-Jun-10,34.81,0,45
22-Jun-10,34.81,0,49
23-Jun-10,34.81,0,52
24-Jun-10,34.81,0,51
25-Jun-10,34.81,0,50
26-Jun-10,34.81,0,53
27-Jun-10,34.94,0,57
28-Jun-10,34.94,0,59
29-Jun-10,34.94,0,56
30-Jun-10,34.94,0,51
1-Jul-10,34.94,0,50
2-Jul-10,34.94,0,49
3-Jul-10,34.94,0,49
4-Jul-10,34.94,0,51
5-Jul-10,35.07,0,54
6-Jul-10,35.07,0,53
7-Jul-10,35.07,0,53
8-Jul-10,35.07,0,54
9-Jul-10,35.07,0,56
10-Jul-10,35.07,0,55
11-Jul-10,35.07,0,56
12-Jul-10,35.07,0,58
13-Jul-10,35.07,0,57
14-Jul-10,35.07,0,58
15-Jul-10,35.07,0,61
16-Jul-10,35.07,0,58
17-Jul-10,35.07,0,60
18-Jul-10,35.07,0,60
19-Jul-10,35.07,0,59
20-Jul-10,35.07,0,58
21-Jul-10,35.07,0,55
22-Jul-10,35.07,0,57
23-Jul-10,35.07,0,59
24-Jul-10,35.61,0,55
25-Jul-10,35.74,0.14,54
26-Jul-10,35.74,0.14,55
27-Jul-10,35.87,0.02,53
28-Jul-10,35.87,0,54
29-Jul-10,35.87,0,57
30-Jul-10,35.87,0,56
31-Jul-10,35.87,0,54
1-Aug-10,35.87,0,53
2-Aug-10,35.87,0,53
3-Aug-10,35.87,0,52
4-Aug-10,35.87,0,53
5-Aug-10,35.87,0,54
6-Aug-10,35.87,0,52
7-Aug-10,35.87,0,51
8-Aug-10,35.87,0,47
9-Aug-10,35.87,0,48
10-Aug-10,35.87,0,48
11-Aug-10,35.87,0,45
12-Aug-10,35.87,0,50
13-Aug-10,36,0,54
14-Aug-10,36,0,54
15-Aug-10,36,0,53
16-Aug-10,36,0,56
17-Aug-10,36,0,55
18-Aug-10,36,0,53
19-Aug-10,36,0,52
20-Aug-10,36,0,53
21-Aug-10,36,0,53
22-Aug-10,36.13,0,52
23-Aug-10,36.13,0,57
24-Aug-10,36.13,0,57
25-Aug-10,36.13,0,59
26-Aug-10,36.13,0,58
27-Aug-10,36.13,0,52
28-Aug-10,36.13,0,41
29-Aug-10,36.13,0,38
30-Aug-10,36.26,0,39
31-Aug-10,36.26,0,46
1-Sep-10,36.39,0,52
2-Sep-10,36.39,0,55
3-Sep-10,36.39,0,54
4-Sep-10,36.39,0,51
5-Sep-10,36.39,0,48
6-Sep-10,36.39,0,51
7-Sep-10,36.39,0,49
8-Sep-10,36.39,0,42
9-Sep-10,36.39,0,38
10-Sep-10,36.39,0,45
11-Sep-10,36.39,0,46
12-Sep-10,36.39,0,46
13-Sep-10,36.39,0,44
14-Sep-10,36.39,0,44
15-Sep-10,36.39,0,45
16-Sep-10,36.39,0,48
17-Sep-10,36.39,0,47
18-Sep-10,36.39,0,47
19-Sep-10,36.39,0,42
20-Sep-10,36.39,0,43
21-Sep-10,36.39,0,43
22-Sep-10,36.39,0,42
23-Sep-10,36.39,0,43
24-Sep-10,36.39,0,48
25-Sep-10,36.52,0,51
26-Sep-10,36.52,0,51
27-Sep-10,36.52,0,52
28-Sep-10,36.52,0,53
29-Sep-10,36.52,0,55
30-Sep-10,36.52,0,53
1-Oct-10,-9999,0,51
2-Oct-10,0.13,0,44
3-Oct-10,0.27,0,43
4-Oct-10,1.87,0.26,34
5-Oct-10,2.27,0.5,34
6-Oct-10,2.27,0.5,32
7-Oct-10,2.27,0.26,33
8-Oct-10,2.4,0.14,38
9-Oct-10,2.4,0.02,42
10-Oct-10,2.4,0.02,47
11-Oct-10,2.53,0.02,44
12-Oct-10,2.53,0.02,45
13-Oct-10,2.53,0,45
14-Oct-10,2.53,0,43
15-Oct-10,2.53,0,41
16-Oct-10,2.53,0,39
17-Oct-10,2.8,0,38
18-Oct-10,2.8,0.26,39
19-Oct-10,2.93,0.26,43
20-Oct-10,2.93,0.26,42
21-Oct-10,2.93,0.14,37
22-Oct-10,2.93,0.14,35
23-Oct-10,3.06,0.14,36
24-Oct-10,5.46,0.26,38
25-Oct-10,5.46,0.38,31
26-Oct-10,5.46,0.26,28
27-Oct-10,5.46,0.14,32
28-Oct-10,5.6,0.14,37
29-Oct-10,5.6,0.14,36
30-Oct-10,5.73,0.26,31
31-Oct-10,5.73,0.38,32
1-Nov-10,5.73,0.26,38
2-Nov-10,5.86,0.26,44
3-Nov-10,5.86,0.26,44
4-Nov-10,5.86,0.14,42
5-Nov-10,5.86,0.14,39
6-Nov-10,5.86,0.02,37
7-Nov-10,6.53,0.02,29
8-Nov-10,6.79,1.22,20
9-Nov-10,6.79,1.1,22
10-Nov-10,6.93,1.1,24
11-Nov-10,6.93,1.22,23
12-Nov-10,7.06,1.22,28
13-Nov-10,7.06,1.22,35
14-Nov-10,7.06,1.22,39
15-Nov-10,7.06,1.1,39
16-Nov-10,7.06,1.1,32
17-Nov-10,7.06,0.98,32
18-Nov-10,7.06,1.22,30
19-Nov-10,7.06,1.34,31
20-Nov-10,7.73,1.7,22
21-Nov-10,8.39,2.54,15
22-Nov-10,8.53,2.9,14
23-Nov-10,8.93,2.9,12
24-Nov-10,8.93,3.38,2
25-Nov-10,8.93,3.38,16
26-Nov-10,9.06,3.5,20
27-Nov-10,9.73,3.62,20
28-Nov-10,9.73,4.34,7
29-Nov-10,9.73,4.34,8
30-Nov-10,9.86,4.34,23
1-Dec-10,9.86,4.46,25
2-Dec-10,9.99,4.46,29
3-Dec-10,10.26,4.7,34
4-Dec-10,10.26,4.7,31
5-Dec-10,11.06,4.82,32
6-Dec-10,11.19,5.54,26
7-Dec-10,11.19,5.54,24
8-Dec-10,11.33,5.42,27
9-Dec-10,11.59,5.42,33
10-Dec-10,11.73,5.66,34
11-Dec-10,11.73,5.66,31
12-Dec-10,11.73,5.54,28
13-Dec-10,11.73,5.3,29
14-Dec-10,12.4,5.18,31
15-Dec-10,12.8,6.14,26
16-Dec-10,12.8,6.38,13
17-Dec-10,14.27,6.5,26
18-Dec-10,15.47,8.78,30
19-Dec-10,16.4,10.82,26
20-Dec-10,17.07,13.58,20
21-Dec-10,17.33,14.3,21
22-Dec-10,17.47,14.3,26
23-Dec-10,17.47,14.42,19
24-Dec-10,17.47,14.18,21
25-Dec-10,17.6,14.18,28
26-Dec-10,17.6,14.42,17
27-Dec-10,17.6,14.3,17
28-Dec-10,17.6,14.18,27
29-Dec-10,17.6,15.74,18
30-Dec-10,17.6,16.1,2
31-Dec-10,17.6,15.86,5
1-Jan-11,17.73,15.86,20
2-Jan-11,17.73,16.34,22
3-Jan-11,17.73,16.58,16
4-Jan-11,17.73,16.46,10
5-Jan-11,17.86,15.74,13
6-Jan-11,18.53,15.98,16
7-Jan-11,18.66,15.98,21
8-Jan-11,18.66,15.98,20
9-Jan-11,18.66,15.98,8
10-Jan-11,18.66,15.74,10
11-Jan-11,18.79,15.74,24
12-Jan-11,18.79,15.86,23
13-Jan-11,18.79,15.74,21
14-Jan-11,18.93,15.62,28
15-Jan-11,21.19,15.5,32
16-Jan-11,23.32,15.14,32
17-Jan-11,23.72,14.54,34
18-Jan-11,23.72,14.78,31
19-Jan-11,23.72,14.9,29
20-Jan-11,23.72,15.02,34
21-Jan-11,23.72,15.14,31
22-Jan-11,23.72,15.14,30
23-Jan-11,23.72,15.26,28
24-Jan-11,23.72,15.38,31
25-Jan-11,23.72,15.38,30
26-Jan-11,23.72,15.38,30
27-Jan-11,23.72,15.26,28
28-Jan-11,23.72,15.14,27
29-Jan-11,23.72,15.02,26
30-Jan-11,24.12,15.02,22
31-Jan-11,24.12,15.14,18
1-Feb-11,24.12,15.14,20
2-Feb-11,24.12,15.02,23
3-Feb-11,24.12,15.02,28
4-Feb-11,24.12,15.02,35
5-Feb-11,24.26,13.7,34
6-Feb-11,24.26,13.82,37
7-Feb-11,24.26,13.7,27
8-Feb-11,24.26,14.42,20
9-Feb-11,24.26,14.42,21
10-Feb-11,24.26,14.42,25
11-Feb-11,24.26,14.3,27
12-Feb-11,24.26,13.94,27
13-Feb-11,24.26,13.7,27
14-Feb-11,24.4,13.82,31
15-Feb-11,24.4,14.18,26
16-Feb-11,25.2,14.66,17
17-Feb-11,25.46,16.1,16
18-Feb-11,26.93,16.46,24
19-Feb-11,27.33,16.94,15
20-Feb-11,27.33,16.58,7
21-Feb-11,27.33,15.98,8
22-Feb-11,27.33,15.5,10
23-Feb-11,27.33,15.26,11
24-Feb-11,27.33,14.9,13
25-Feb-11,28.4,14.66,17
26-Feb-11,28.4,15.26,5
27-Feb-11,28.66,14.66,12
28-Feb-11,28.8,14.3,16
1-Mar-11,28.93,13.7,23
2-Mar-11,29.33,13.22,29
3-Mar-11,30.26,12.98,25
4-Mar-11,30.26,12.26,22
5-Mar-11,30.26,11.66,29
6-Mar-11,31.06,11.18,32
7-Mar-11,31.33,10.94,22
8-Mar-11,31.33,10.34,24
9-Mar-11,31.46,9.86,31
10-Mar-11,31.46,9.38,29
11-Mar-11,31.46,9.14,28
12-Mar-11,31.46,8.9,29
13-Mar-11,31.46,8.78,28
14-Mar-11,31.73,8.78,34
15-Mar-11,31.86,8.9,35
16-Mar-11,32.8,9.26,26
17-Mar-11,32.8,10.58,18
18-Mar-11,33.19,10.58,19
19-Mar-11,33.59,10.7,20
20-Mar-11,34.79,10.7,23
21-Mar-11,35.19,11.18,19
22-Mar-11,35.19,11.3,16
23-Mar-11,35.59,11.3,21
24-Mar-11,36.13,11.54,18
25-Mar-11,36.93,11.9,22
26-Mar-11,36.93,11.9,24
27-Mar-11,37.06,11.54,23
28-Mar-11,38.53,11.06,28
29-Mar-11,38.53,10.46,30
30-Mar-11,38.66,9.86,41
31-Mar-11,38.66,9.14,42
1-Apr-11,38.79,8.54,41
2-Apr-11,38.93,8.54,36
3-Apr-11,38.93,8.78,33
4-Apr-11,39.06,8.78,39
5-Apr-11,39.06,8.66,36
6-Apr-11,39.06,8.66,33
7-Apr-11,39.33,8.42,15
8-Apr-11,39.33,8.3,10
9-Apr-11,39.46,8.18,16
10-Apr-11,39.59,7.82,24
11-Apr-11,39.73,7.82,30
12-Apr-11,39.86,7.82,29
13-Apr-11,39.86,7.7,18
14-Apr-11,39.86,7.7,24
15-Apr-11,39.99,7.46,36
16-Apr-11,39.99,6.98,39
17-Apr-11,40.13,6.98,39
18-Apr-11,40.13,7.1,36
19-Apr-11,40.13,6.74,36
20-Apr-11,40.13,6.5,31
21-Apr-11,40.53,6.5,32
22-Apr-11,40.53,6.02,27
23-Apr-11,40.66,5.78,32
24-Apr-11,40.66,5.54,30
25-Apr-11,40.66,5.3,30
26-Apr-11,40.66,5.06,29
27-Apr-11,40.93,4.82,36
28-Apr-11,40.93,4.7,32
29-Apr-11,40.93,4.34,30
30-Apr-11,40.93,4.1,28
1-May-11,41.06,3.74,35
2-May-11,41.2,3.5,37
3-May-11,41.2,3.38,39
4-May-11,41.33,3.02,44
5-May-11,41.33,2.78,42
6-May-11,41.33,2.78,41
7-May-11,41.33,2.42,39
8-May-11,41.33,2.18,30
9-May-11,41.46,1.82,23
10-May-11,41.59,1.58,31
11-May-11,41.73,1.34,38
12-May-11,41.73,1.1,41
13-May-11,41.73,0.86,42
14-May-11,41.73,0.74,37
15-May-11,41.73,0.38,22
16-May-11,41.86,0.14,24
17-May-11,42.26,0.14,29
18-May-11,42.79,0.02,28
19-May-11,42.79,0.02,31
20-May-11,42.93,0,38
21-May-11,42.93,0,39
22-May-11,42.93,0,37
23-May-11,42.93,0,33
24-May-11,43.07,0,36
25-May-11,43.07,0,37
26-May-11,43.07,0,36
27-May-11,43.07,0,37
28-May-11,43.07,0,33
29-May-11,43.34,0,25
30-May-11,43.47,0,32
31-May-11,43.61,0,40
1-Jun-11,43.61,0,32
2-Jun-11,43.61,0,28
3-Jun-11,43.88,0,36
4-Jun-11,44.01,0,37
5-Jun-11,44.41,0,40
6-Jun-11,44.41,0,33
7-Jun-11,44.68,0,39
8-Jun-11,44.81,0,42
9-Jun-11,44.95,0,45
10-Jun-11,44.95,0,45
11-Jun-11,44.95,0,43
12-Jun-11,45.08,0,47
13-Jun-11,45.08,0,47
14-Jun-11,45.21,0,51
15-Jun-11,45.21,0,51
16-Jun-11,45.21,0,46
17-Jun-11,45.21,0,47
18-Jun-11,45.21,0,48
19-Jun-11,45.21,0,48
20-Jun-11,45.21,0,52
21-Jun-11,45.35,0,55
22-Jun-11,45.35,0,54
23-Jun-11,45.35,0,50
24-Jun-11,45.35,0,49
25-Jun-11,45.35,0,48
26-Jun-11,45.35,0,50
27-Jun-11,45.49,0,52
28-Jun-11,45.49,0,48
29-Jun-11,45.76,0,40
30-Jun-11,45.89,0,49
1-Jul-11,46.03,0,55
2-Jul-11,46.16,0,58
3-Jul-11,46.16,0,58
4-Jul-11,46.16,0,57
5-Jul-11,46.16,0,57
6-Jul-11,46.16,0,57
7-Jul-11,46.16,0,53
8-Jul-11,46.29,0,54
9-Jul-11,46.29,0,53
10-Jul-11,46.29,0,51
11-Jul-11,46.29,0,50
12-Jul-11,46.29,0,50
13-Jul-11,46.29,0,47
14-Jul-11,46.29,0,47
15-Jul-11,46.29,0,50
16-Jul-11,46.29,0,47
17-Jul-11,46.29,0,48
18-Jul-11,46.29,0,50
19-Jul-11,46.29,0,52
20-Jul-11,46.42,0,52
21-Jul-11,46.42,0,52
22-Jul-11,46.42,0,54
23-Jul-11,46.42,0,57
24-Jul-11,46.42,0,56
25-Jul-11,46.42,0,53
26-Jul-11,46.55,0,53
27-Jul-11,46.55,0,53
28-Jul-11,46.55,0,57
29-Jul-11,46.55,0,55
30-Jul-11,46.68,0,53
31-Jul-11,46.68,0,52
1-Aug-11,46.68,0,53
2-Aug-11,46.68,0,53
3-Aug-11,46.68,0,53
4-Aug-11,46.68,0,51
5-Aug-11,46.68,0,51
6-Aug-11,46.68,0,52
7-Aug-11,46.68,0,51
8-Aug-11,46.68,0,52
9-Aug-11,46.68,0,52
10-Aug-11,46.68,0,51
11-Aug-11,46.82,0,53
12-Aug-11,46.82,0,53
13-Aug-11,46.82,0,54
14-Aug-11,46.82,0,52
15-Aug-11,46.82,0,49
16-Aug-11,46.82,0,50
17-Aug-11,46.96,0,52
18-Aug-11,46.96,0,53
19-Aug-11,46.96,0,53
20-Aug-11,46.96,0,51
21-Aug-11,46.96,0,50
22-Aug-11,46.96,0,52
23-Aug-11,47.1,0,57
24-Aug-11,47.1,0,57
25-Aug-11,47.1,0,54
26-Aug-11,47.1,0,56
27-Aug-11,47.1,0,58
28-Aug-11,47.1,0,56
29-Aug-11,47.1,0,54
30-Aug-11,47.1,0,52
31-Aug-11,47.1,0,49
1-Sep-11,47.1,0,50
2-Sep-11,47.1,0,54
3-Sep-11,47.1,0,51
4-Sep-11,47.1,0,52
5-Sep-11,47.1,0,48
6-Sep-11,47.1,0,50
7-Sep-11,47.1,0,51
8-Sep-11,47.1,0,50
9-Sep-11,47.1,0,48
10-Sep-11,47.23,0,46
11-Sep-11,47.5,0,42
12-Sep-11,47.63,0,43
13-Sep-11,47.77,0,45
14-Sep-11,47.77,0,44
15-Sep-11,47.9,0,45
16-Sep-11,47.9,0,44
17-Sep-11,47.9,0,45
18-Sep-11,48.03,0,49
19-Sep-11,48.03,0,49
20-Sep-11,48.03,0,50
21-Sep-11,48.03,0,48
22-Sep-11,48.03,0,51
23-Sep-11,48.03,0,50
24-Sep-11,48.03,0,46
25-Sep-11,48.03,0,43
26-Sep-11,48.16,0,47
27-Sep-11,48.16,0,49
28-Sep-11,48.16,0,50
29-Sep-11,48.16,0,50
30-Sep-11,48.16,0,48
